"id","assetnum","tahun","seq","is_actual","raw_cm_interval","raw_cm_material_cost","raw_cm_labor_time","raw_cm_labor_human","raw_pm_interval","raw_pm_material_cost","raw_pm_labor_time","raw_pm_labor_human","raw_predictive_labor_time","raw_predictive_labor_human","raw_oh_material_cost","raw_oh_labor_time","raw_oh_labor_human","raw_project_task_material_cost","raw_loss_output_MW","raw_loss_output_price","raw_operational_cost","raw_maintenance_cost","rc_cm_material_cost","rc_cm_labor_cost","rc_pm_material_cost","rc_pm_labor_cost","rc_predictive_labor_cost","rc_oh_material_cost","rc_oh_labor_cost","rc_project_material_cost","rc_lost_cost","rc_operation_cost","rc_maintenance_cost","rc_total_cost","eac_npv","eac_annual_mnt_cost","eac_annual_acq_cost","eac_eac","created_by","created_at","updated_by","updated_at"
"11daaa62-2989-4be3-a884-97332c02bb21",A23678,2026,15,0,5.338400615950283,0.0,0.0000000001,0.0000000001,1.0,0.0,0.0000000001,0.0000000001,,,0.0,0.0000000001,0.0000000001,,58.828571428571195,573.028571428571,,,0.0,0.000000000000004,0.0,0.0000000000000008,0.0,0.0,0.0000000000000008,0.0,179959899.02812502,0.0,0.0,179959899.02812502,149685875.92786703,13970377.875286022,367060.5991158657,14337438.474401888,Sys,2025-02-26 09:38:47.735,Sys,2025-02-26 09:38:48.686
"43c98f3d-5849-4237-8d90-19a1ef4be23e",A24185,2016,7,1,0.0,0.0,0.0,0.0,1.0,0.0,0.0,0.0,,,0.0,0.0,0.0,,23.0,470.0,,,0.0,0.0,0.0,0.0,0.0,0.0,0.0,0.0,0.0,0.0,0.0,0.0,14806854.710884929,2515868.2657303116,547794.3397534768,3063662.6054837885,,,Sys,2025-02-26 09:37:04.256
"3137bdf7-03de-49ac-8c0c-17d50d9f5991",A24185,2017,8,1,1.0,0.0,0.0,0.0,1.0,0.0,0.0,0.0,,,0.0,0.0,0.0,,23.0,471.0,,,0.0,0.0,0.0,0.0,0.0,0.0,0.0,0.0,10833000,0.0,0.0,10833000,22404686.371982194,3401480.5368927913,503257.1034415004,3904737.640334292,,,Sys,2025-02-26 09:37:04.256
"17dc351b-d3c9-48b9-ba81-0523cbe4fa9a",A24185,2018,9,1,0.0,0.0,0.0,0.0,1.0,0.0,0.0,0.0,,,0.0,0.0,0.0,,44.0,473.0,,,0.0,0.0,0.0,0.0,0.0,0.0,0.0,0.0,0.0,0.0,0.0,0.0,22404686.371982194,3087029.231055432,469197.22191665124,3556226.4529720834,,,Sys,2025-02-26 09:37:04.256
"5888d436-ce7b-4b16-93b5-7ebe1645077d",A24185,2019,10,1,1.0,0.0,0.0,0.0,1.0,0.0,0.0,0.0,,,0.0,0.0,0.0,,55.0,475.0,,,0.0,0.0,0.0,0.0,0.0,0.0,0.0,0.0,26125000,0.0,0.0,26125000,39172732.265800476,4958872.3162447745,442460.41039961006,5401332.726644385,,,Sys,2025-02-26 09:37:04.256
eac8ea07-c9a0-46a2-b569-be00583ba3c7,A24185,2020,11,1,0.0,0.0,0.0,0.0,1.0,0.0,0.0,0.0,,,0.0,0.0,0.0,,70.0,500.0,,,0.0,0.0,0.0,0.0,0.0,0.0,0.0,0.0,0.0,0.0,0.0,0.0,39172732.265800476,4601235.443588729,421038.51074436604,5022273.954333095,,,Sys,2025-02-26 09:37:04.256
"25071ea8-1d93-4362-b4fe-6d2f24808916",A24185,2009,0,1,0.0,0.0,0.0,0.0,1.0,0.0,0.0,0.0,,,0.0,0.0,0.0,,0.0,0.0,,,0.0,0.0,0.0,0.0,0.0,0.0,0.0,0.0,0.0,0.0,0.0,2500000.0,,,,,,,Sys,2025-02-26 09:37:04.201
c4bd80aa-1604-4ad7-b664-da8f27332022,A24185,2010,1,1,0.0,0.0,0.0,0.0,1.0,0.0,0.0,0.0,,,0.0,0.0,0.0,,0.0,0.0,,,0.0,0.0,0.0,0.0,0.0,0.0,0.0,0.0,0.0,0.0,0.0,0.0,0.0,0.0,2799999.999999998,2799999.999999998,,,Sys,2025-02-26 09:37:04.256
"08d17603-f17a-4702-ba5a-d7820ef3ac24",A24185,2011,2,1,0.0,0.0,0.0,0.0,1.0,0.0,0.0,0.0,,,0.0,0.0,0.0,,0.0,0.0,,,0.0,0.0,0.0,0.0,0.0,0.0,0.0,0.0,0.0,0.0,0.0,0.0,0.0,0.0,1479245.2830188673,1479245.2830188673,,,Sys,2025-02-26 09:37:04.256
"5201e32e-700c-452e-a7c8-12d0171d47bd",A24185,2012,3,1,0.0,0.0,0.0,0.0,1.0,0.0,0.0,0.0,,,0.0,0.0,0.0,,0.0,0.0,,,0.0,0.0,0.0,0.0,0.0,0.0,0.0,0.0,0.0,0.0,0.0,0.0,0.0,0.0,1040872.4513987664,1040872.4513987664,,,Sys,2025-02-26 09:37:04.256
"9970a90d-cb82-40b2-8a40-f9759683ea2e",A24185,2013,4,1,0.0,0.0,0.0,0.0,1.0,0.0,0.0,0.0,,,0.0,0.0,0.0,,0.0,0.0,,,0.0,0.0,0.0,0.0,0.0,0.0,0.0,0.0,0.0,0.0,0.0,0.0,0.0,0.0,823086.0907642241,823086.0907642241,,,Sys,2025-02-26 09:37:04.256
"7ee67cf1-7006-4c44-88f6-35cfd55f329d",A24185,2014,5,1,0.0,0.0,0.0,0.0,1.0,0.0,0.0,0.0,,,0.0,0.0,0.0,,0.0,0.0,,,0.0,0.0,0.0,0.0,0.0,0.0,0.0,0.0,0.0,0.0,0.0,0.0,0.0,0.0,693524.3298526218,693524.3298526218,,,Sys,2025-02-26 09:37:04.256
"54b79377-4497-49dc-b3af-bb23f1506ee9",A24185,2015,6,1,1.0,0.0,0.0,0.0,1.0,0.0,0.0,0.0,,,0.0,0.0,0.0,,42.0,460.0,,,0.0,0.0,0.0,0.0,0.0,0.0,0.0,0.0,19320000,0.0,0.0,19320000,14806854.710884929,2873875.064951737,608064.2960615729,3481939.36101331,,,Sys,2025-02-26 09:37:04.256
dc7ed102-965a-4f25-a1b1-362116973b36,A24185,2021,12,1,0.0,0.0,0.0,0.0,1.0,0.0,0.0,0.0,,,0.0,0.0,0.0,,50.0,523.0,,,0.0,0.0,0.0,0.0,0.0,0.0,0.0,0.0,0.0,0.0,0.0,0.0,39172732.265800476,4304272.834543694,403592.0189849893,4707864.853528683,,,Sys,2025-02-26 09:37:04.256
"35b9662b-cf43-4a18-b7b2-a53c8e769507",A24185,2022,13,1,0.0,0.0,0.0,0.0,1.0,0.0,0.0,0.0,,,0.0,0.0,0.0,,65.0,530.0,,,0.0,0.0,0.0,0.0,0.0,0.0,0.0,0.0,0.0,0.0,0.0,0.0,39172732.265800476,4053978.3095564647,389192.9877782916,4443171.297334757,,,Sys,2025-02-26 09:37:04.256
"020a27dd-370f-43f1-9147-b24e5e4749f8",A24185,2023,14,1,1.0,0.0,0.0,0.0,1.0,0.0,0.0,0.0,,,0.0,0.0,0.0,,44.0,555.0,,,0.0,0.0,0.0,0.0,0.0,0.0,0.0,0.0,24420000,0.0,0.0,24420000,52299030.77286879,5127199.985838972,377178.115269204,5504378.101108176,,,Sys,2025-02-26 09:37:04.256
"5a238a6e-01af-4371-be28-7d6feff5bdaa",A24185,2024,15,1,0.0,0.0,0.0,0.0,1.0,0.0,0.0,0.0,,,0.0,0.0,0.0,,55.0,541.0,,,0.0,0.0,0.0,0.0,0.0,0.0,0.0,0.0,0.0,0.0,0.0,0.0,52299030.77286879,4881136.6996327685,367060.5991158657,5248197.298748634,,,Sys,2025-02-26 09:37:04.256
"5d428ec8-a0eb-48b1-b6d5-8bbeedeaf04e",A24185,2025,16,1,0.0,0.0,0.0,0.0,1.0,0.0,0.0,0.0,,,0.0,0.0,0.0,,0.0,0.0,,,0.0,0.0,0.0,0.0,0.0,0.0,0.0,0.0,0.0,0.0,0.0,0.0,52299030.77286879,4666879.339163167,358475.04508323397,5025354.3842464015,,,Sys,2025-02-26 09:37:04.256
"1ebbe426-6677-42ae-95e2-1498d2d4e096",A24185,2026,17,0,5.338400615950283,0.0,0.0000000001,0.0000000001,1.0,0.0,0.0000000001,0.0000000001,,,0.0,0.0000000001,0.0000000001,,59.27205882352973,589.4117647058738,,,0.0,0.000000000000004,0.0,0.0000000000000008,0.0,0.0,0.0000000000000008,0.0,186500489.01343074,0.0,0.0,186500489.01343074,140060611.7303429,11994576.96718909,351141.81876785576,12345718.785956945,Sys,2025-02-26 09:37:03.380,Sys,2025-02-26 09:37:04.268
"0e0a6e9f-f5c0-4b25-8f77-b34da695c380",A24185,2027,18,0,5.786511417357265,0.0,0.0000000001,0.0000000001,1.0,0.0,0.0000000001,0.0000000001,,,0.0,0.0000000001,0.0000000001,,62.7794117647054,622.2352941176359,,,0.0,0.0000000000000043,0.0,0.0000000000000008,0.0,0.0,0.0000000000000008,0.0,226041769.180016,0.0,0.0,226041769.180016,241815615.914508,19940012.15903024,344843.2786043918,20284855.437634632,Sys,2025-02-26 09:37:03.380,Sys,2025-02-26 09:37:04.268
"2ed42efc-31bd-47e5-a9c0-164ecd72ffb8",A24185,2028,19,0,6.23190378245744,0.0,0.0000000001,0.0000000001,1.0,0.0,0.0000000001,0.0000000001,,,0.0,0.0000000001,0.0000000001,,66.28676470588198,655.0588235293981,,,0.0,0.0000000000000047,0.0,0.0000000000000008,0.0,0.0,0.0000000000000008,0.0,270600044.07474893,0.0,0.0,270600044.07474893,358345565.1332843,28535718.297068767,339407.51230625855,28875125.809375025,Sys,2025-02-26 09:37:03.380,Sys,2025-02-26 09:37:04.268
"14ab171f-0020-47fa-870d-39bfb05144ee",A24185,2029,20,0,6.676011947095262,0.0,0.0000000001,0.0000000001,1.0,0.0,0.0000000001,0.0000000001,,,0.0,0.0000000001,0.0000000001,,69.79411764705856,687.8823529411748,,,0.0,0.000000000000005,0.0,0.0000000000000008,0.0,0.0,0.0000000000000008,0.0,320516280.69592327,0.0,0.0,320516280.69592327,490384619.1446757,37809881.28446639,334696.9500991516,38144578.23456554,Sys,2025-02-26 09:37:03.380,Sys,2025-02-26 09:37:04.268
"0ca7fe7c-dae8-46e4-98b1-32f021ef559b",A24185,2037,28,0,10.150129886898968,0.0,0.0000000001,0.0000000001,1.0,0.0,0.0000000001,0.0000000001,,,0.0,0.0000000001,0.0000000001,,97.85294117647027,950.4705882352864,,,0.0,0.0000000000000076,0.0,0.0000000000000008,0.0,0.0,0.0000000000000008,0.0,944026457.2950281,0.0,0.0,944026457.2950281,2165364308.4226537,138068981.7556628,313109.6727108775,138382091.42837366,Sys,2025-02-26 09:37:03.380,Sys,2025-02-26 09:37:04.268
fe108a6e-abae-4f32-9fd8-7736dc494556,A24185,2038,29,0,10.57681164002032,0.0,0.0000000001,0.0000000001,1.0,0.0,0.0000000001,0.0000000001,,,0.0,0.0000000001,0.0000000001,,101.36029411764684,983.2941176470486,,,0.0,0.0000000000000079,0.0,0.0000000000000008,0.0,0.0,0.0000000000000008,0.0,1054158884.4370891,0.0,0.0,1054158884.4370891,2456732355.034393,153934410.4925374,311650.51689776836,154246061.00943518,Sys,2025-02-26 09:37:03.380,Sys,2025-02-26 09:37:04.268
a016205a-7bbf-4a7b-a050-d494109fa503,A24185,2039,30,0,11.002142158966642,0.0,0.0000000001,0.0000000001,1.0,0.0,0.0000000001,0.0000000001,,,0.0,0.0000000001,0.0000000001,,104.86764705882342,1016.1176470588107,,,0.0,0.0000000000000083,0.0,0.0000000000000008,0.0,0.0,0.0000000000000008,0.0,1172364798.4918535,0.0,0.0,1172364798.4918535,2766717751.3565445,170532246.5549343,310359.1438798579,170842605.69881415,Sys,2025-02-26 09:37:03.380,Sys,2025-02-26 09:37:04.268
d6692b49-2064-471c-8583-ac05cc859e95,A24185,2040,31,0,11.42618175670949,0.0,0.0000000001,0.0000000001,1.0,0.0,0.0000000001,0.0000000001,,,0.0,0.0000000001,0.0000000001,,108.375,1048.9411764705874,,,0.0,0.0000000000000086,0.0,0.0000000000000008,0.0,0.0,0.0000000000000008,0.0,1298916915.920977,0.0,0.0,1298916915.920977,3095268493.633748,187854374.5291302,309215.1423977405,188163589.67152792,Sys,2025-02-26 09:37:03.380,Sys,2025-02-26 09:37:04.268
"29b2ddcd-0d95-42b7-8eed-0697119f60cb",A23678,2012,1,1,0.0,0.0,0.0,0.0,1.0,0.0,0.0,0.0,,,0.0,0.0,0.0,,0.0,0.0,,,0.0,0.0,0.0,0.0,0.0,0.0,0.0,0.0,0.0,0.0,0.0,0.0,0.0,0.0,2799999.999999998,2799999.999999998,,,Sys,2025-02-26 09:38:48.676
cef69daf-98a7-4ca9-bc48-fff98ddcbc13,A23678,2013,2,1,0.0,0.0,0.0,0.0,1.0,0.0,0.0,0.0,,,0.0,0.0,0.0,,0.0,0.0,,,0.0,0.0,0.0,0.0,0.0,0.0,0.0,0.0,0.0,0.0,0.0,0.0,0.0,0.0,1479245.2830188673,1479245.2830188673,,,Sys,2025-02-26 09:38:48.676
"28da653d-6a9d-445c-bbea-433d72ef7631",A23678,2021,10,1,0.0,0.0,0.0,0.0,1.0,0.0,0.0,0.0,,,0.0,0.0,0.0,,50.0,523.0,,,0.0,0.0,0.0,0.0,0.0,0.0,0.0,0.0,0.0,0.0,0.0,0.0,42805407.25402959,5418732.284929449,442460.41039961006,5861192.695329059,,,Sys,2025-02-26 09:38:48.676
"1d5862a5-7f92-47c1-9423-d2dbe6b2dc0f",A23678,2022,11,1,0.0,0.0,0.0,0.0,1.0,0.0,0.0,0.0,,,0.0,0.0,0.0,,65.0,530.0,,,0.0,0.0,0.0,0.0,0.0,0.0,0.0,0.0,0.0,0.0,0.0,0.0,42805407.25402959,5027930.033015436,421038.51074436604,5448968.543759801,,,Sys,2025-02-26 09:38:48.676
"760da2dc-725b-4cf7-ab3e-afe85475d4db",A23678,2023,12,1,1.0,0.0,0.0,0.0,1.0,0.0,0.0,0.0,,,0.0,0.0,0.0,,44.0,555.0,,,0.0,0.0,0.0,0.0,0.0,0.0,0.0,0.0,24420000,0.0,0.0,24420000,57148970.25904272,6279489.481077086,403592.0189849893,6683081.500062075,,,Sys,2025-02-26 09:38:48.676
"88153b05-dc5a-4be7-b9e9-ce65f23ea40c",A23678,2024,13,1,0.0,0.0,0.0,0.0,1.0,0.0,0.0,0.0,,,0.0,0.0,0.0,,55.0,541.0,,,0.0,0.0,0.0,0.0,0.0,0.0,0.0,0.0,0.0,0.0,0.0,0.0,57148970.25904272,5914335.621820134,389192.9877782916,6303528.609598426,,,Sys,2025-02-26 09:38:48.676
d65e6011-7df2-422f-aeff-856fff91aca3,A23678,2025,14,1,0.0,0.0,0.0,0.0,1.0,0.0,0.0,0.0,,,0.0,0.0,0.0,,0.0,0.0,,,0.0,0.0,0.0,0.0,0.0,0.0,0.0,0.0,0.0,0.0,0.0,0.0,57148970.25904272,5602669.785132669,377178.115269204,5979847.900401873,,,Sys,2025-02-26 09:38:48.676
"6e2bf8e3-8d0f-4cf4-b91c-1c71b58114ff",A24185,2030,21,0,7.116600388343896,0.0,0.0000000001,0.0000000001,1.0,0.0,0.0000000001,0.0000000001,,,0.0,0.0000000001,0.0000000001,,73.30147058823513,720.7058823529369,,,0.0,0.0000000000000053,0.0,0.0000000000000008,0.0,0.0,0.0000000000000008,0.0,375961465.98321337,0.0,0.0,375961465.98321337,638547106.2256879,47781718.3892888,330600.22879865335,48112318.61808745,Sys,2025-02-26 09:37:03.380,Sys,2025-02-26 09:37:04.268
"98158c9a-94d1-499d-ad3e-c14cf6778bd7",A24185,2031,22,0,7.555050308598718,0.0,0.0000000001,0.0000000001,1.0,0.0,0.0000000001,0.0000000001,,,0.0,0.0000000001,0.0000000001,,76.80882352941171,753.529411764699,,,0.0,0.0000000000000057,0.0,0.0000000000000008,0.0,0.0,0.0000000000000008,0.0,437268992.7584734,0.0,0.0,437268992.7584734,803396070.4635173,58467781.21784595,327026.2721024019,58794807.48994835,Sys,2025-02-26 09:37:03.380,Sys,2025-02-26 09:37:04.268
f7a37a8c-cff1-4ff5-83c4-4767a16b3b4b,A24185,2032,23,0,7.991504887812273,0.0,0.0000000001,0.0000000001,1.0,0.0,0.0000000001,0.0000000001,,,0.0,0.0000000001,0.0000000001,,80.31617647058829,786.3529411764612,,,0.0,0.000000000000006,0.0,0.0000000000000008,0.0,0.0,0.0000000000000008,0.0,504718368.1089121,0.0,0.0,504718368.1089121,985420327.1921641,69880635.91907829,323899.91240009153,70204535.83147839,Sys,2025-02-26 09:37:03.380,Sys,2025-02-26 09:37:04.268
"05e02ed8-b169-477a-8617-f35e9521d07f",A24185,2033,24,0,8.42727804414733,0.0,0.0000000001,0.0000000001,1.0,0.0,0.0000000001,0.0000000001,,,0.0,0.0000000001,0.0000000001,,83.82352941176487,819.1764705882233,,,0.0,0.0000000000000063,0.0,0.0000000000000008,0.0,0.0,0.0000000000000008,0.0,578669690.3494179,0.0,0.0,578669690.3494179,1185063060.443549,82031255.66605635,321158.6043605371,82352414.27041689,Sys,2025-02-26 09:37:03.380,Sys,2025-02-26 09:37:04.268
"0fee0cd9-56dd-4add-833d-d6a2f80bb935",A24185,2034,25,0,8.860100011829589,0.0,0.0000000001,0.0000000001,1.0,0.0,0.0000000001,0.0000000001,,,0.0,0.0000000001,0.0000000001,,87.33088235294144,852.0,,,0.0,0.0000000000000066,0.0,0.0000000000000008,0.0,0.0,0.0000000000000008,0.0,659243819.706664,0.0,0.0,659243819.706664,1402639293.8525786,94923512.95160726,318749.92452376935,95242262.87613103,Sys,2025-02-26 09:37:03.380,Sys,2025-02-26 09:37:04.268
"961b94ac-fe45-4e22-81d8-73cdfeda4bb4",A24185,2035,26,0,9.291263048509949,0.0,0.0000000001,0.0000000001,1.0,0.0,0.0000000001,0.0000000001,,,0.0,0.0000000001,0.0000000001,,90.83823529411802,884.8235294117621,,,0.0,0.000000000000007,0.0,0.0000000000000008,0.0,0.0,0.0000000000000008,0.0,746792774.478735,0.0,0.0,746792774.478735,1638419916.3187816,108560381.26220758,316629.645255722,108877010.9074633,Sys,2025-02-26 09:37:03.380,Sys,2025-02-26 09:37:04.268
"801ace80-a269-4fb5-a0c0-e26c273bbe4b",A24185,2036,27,0,9.720856007211514,0.0,0.0000000001,0.0000000001,1.0,0.0,0.0000000001,0.0000000001,,,0.0,0.0000000001,0.0000000001,,94.34558823529369,917.6470588235243,,,0.0,0.0000000000000073,0.0,0.0000000000000008,0.0,0.0,0.0000000000000008,0.0,841592358.7738161,0.0,0.0,841592358.7738161,1892606369.8142152,122942215.4051251,314760.23417183425,123256975.63929693,Sys,2025-02-26 09:37:03.380,Sys,2025-02-26 09:37:04.268
"505ed569-e1e3-4e19-ae8e-a8a1bcdd93c8",A22277,2017,3,1,3.0,0.0,1.0,1.0,1.0,0.0,5.0,1.0,,,0.0,728.5,1.0,,7.666666666666667,471.0,,,0.0,180000.0,0.0,300000.0,0.0,0.0,43710000,0.0,10833000,0.0,0.0,55023000,97943357.98799029,35652001.42230159,416348980.5595066,452000981.9818082,,,Sys,2025-02-26 09:13:58.604
"0d90509b-b3b6-4b97-8ff1-03b2e3996ab1",A22277,2018,4,1,4.0,0.0,5.016666666666667,1.0,1.0,0.0,2.0,1.0,,,0.0,0.0,0.0,,11.0,473.0,,,0.0,1244133.3333333333,0.0,124000.0,0.0,0.0,0.0,0.0,20812000,0.0,0.0,22180133.333333332,116518605.71805118,32504628.45256302,329234436.3056896,361739064.7582526,,,Sys,2025-02-26 09:13:58.604
e30c588b-2212-4401-a1bb-dfc7689fe852,A22277,2019,5,1,3.0,0.0,2.0,1.0,1.0,0.0,4.0,1.0,,,49564600,543.95,1.0,,18.333333333333332,475.0,,,0.0,426000.0,0.0,284000.0,0.0,49564600,38620450,0.0,26124999.999999996,0.0,0.0,115020050,208666757.60343713,47577528.05356179,277409731.94104874,324987259.99461055,,,Sys,2025-02-26 09:13:58.604
"2403e84a-8c3e-4f9b-bb95-b87b48f1f32a",A22277,2020,6,1,2.0,0.0,0.0,0.0,1.0,0.0,2.0,1.0,,,0.0,0.0,0.0,,35.0,500.0,,,0.0,0.0,0.0,150000.0,0.0,0.0,0.0,0.0,35000000,0.0,0.0,35150000,235605729.8129405,45728917.132644646,243225718.42462912,288954635.55727375,,,Sys,2025-02-26 09:13:58.604
"56b562ed-82ef-4807-80a1-2eb3cd0bf8da",A22277,2021,7,1,1.0,0.0,0.0,0.0,1.0,5010000.0,139.0,1.0,,,0.0,0.0,0.0,,50.0,523.0,,,0.0,0.0,5010000.0,10842000,0.0,0.0,0.0,0.0,26150000,0.0,0.0,42002000,266399883.93040428,45264644.454304,219117735.9013907,264382380.3556947,,,Sys,2025-02-26 09:13:58.604
b7a50ec3-8d03-4a59-abe6-dc647b725d6a,A22277,2022,8,1,1.0,0.0,0.0,0.0,1.0,0.0,0.0,0.0,,,0.0,3.0500000000000003,1.0,,65.0,530.0,,,0.0,0.0,0.0,0.0,0.0,0.0,240340.00000000003,0.0,34450000,0.0,0.0,34690340,290730296.88953185,44138687.323535785,201302841.37660015,245441528.70013595,,,Sys,2025-02-26 09:13:58.604
d92a9844-4a55-4925-9022-c6b6415f1c9d,A22277,2023,9,1,1.0,0.0,0.0,0.0,1.0,0.0,0.0,0.0,,,0.0,0.0,0.0,,44.0,555.0,,,0.0,0.0,0.0,0.0,0.0,0.0,0.0,0.0,24420000,0.0,0.0,24420000,307114646.21946526,42315784.9399906,187678888.7666605,229994673.70665112,,,Sys,2025-02-26 09:13:58.604
"73d394bd-08f1-4447-b8d7-a21abe00e960",A22277,2024,10,1,1.0,0.0,0.0,0.0,1.0,0.0,0.0,0.0,,,0.0,0.0,0.0,,55.0,541.0,,,0.0,0.0,0.0,0.0,0.0,0.0,0.0,0.0,29755000,0.0,0.0,29755000,326212567.96379304,41295216.823541485,176984164.159844,218279380.9833855,,,Sys,2025-02-26 09:13:58.604
"20d52e56-948f-46a8-a440-2d3858520d0d",A22277,2025,11,1,1.0,0.0,0.0,0.0,1.0,0.0,0.0,0.0,,,0.0,0.0,0.0,,0.0,0.0,,,0.0,0.0,0.0,0.0,0.0,0.0,0.0,0.0,0.0,0.0,0.0,0.0,326212567.96379304,38316980.793538466,168415404.29774642,206732385.09128487,,,Sys,2025-02-26 09:13:58.604
a21c8851-0148-4d55-ac49-beab99cd32fb,A22277,2060,46,0,54.21339462420138,0.0,30.58265345765335,3.3253565034642825,1.0,0.0,51.44289044289053,3.3306470270495363,,,0.0,886.0480352821796,0.7412588567048162,,185.74428904428805,670.5454545454559,,,0.0,413505452.649875,0.0,12850358.258733626,0.0,0.0,49259321.52141128,0.0,6752277689.265493,0.0,0.0,7227892821.695514,25767321403.74533,1342949594.8262832,120656936.28576174,1463606531.112045,Sys,2025-02-26 09:13:56.510,Sys,2025-02-26 09:13:58.614
"105ed1e2-b949-4735-93c1-a4cb3f178652",A23678,2014,3,1,0.0,0.0,0.0,0.0,1.0,0.0,0.0,0.0,,,0.0,0.0,0.0,,0.0,0.0,,,0.0,0.0,0.0,0.0,0.0,0.0,0.0,0.0,0.0,0.0,0.0,0.0,0.0,0.0,1040872.4513987664,1040872.4513987664,,,Sys,2025-02-26 09:38:48.676
efe3bc1b-8ff0-46cd-a247-5db62e7bba34,A23678,2015,4,1,1.0,0.0,0.0,0.0,1.0,0.0,0.0,0.0,,,0.0,0.0,0.0,,42.0,460.0,,,0.0,0.0,0.0,0.0,0.0,0.0,0.0,0.0,19320000,0.0,0.0,19320000,16179965.230661815,4513646.167983401,823086.0907642241,5336732.258747624,,,Sys,2025-02-26 09:38:48.676
ac20c7c8-f0cf-449c-9ef7-9fa41bf43925,A23678,2016,5,1,0.0,0.0,0.0,0.0,1.0,0.0,0.0,0.0,,,0.0,0.0,0.0,,23.0,470.0,,,0.0,0.0,0.0,0.0,0.0,0.0,0.0,0.0,0.0,0.0,0.0,0.0,16179965.230661815,3689148.949783589,693524.3298526218,4382673.279636211,,,Sys,2025-02-26 09:38:48.676
a97f6c82-95c1-4fee-87f4-3af3003e2b44,A23678,2017,6,1,1.0,0.0,0.0,0.0,1.0,0.0,0.0,0.0,,,0.0,0.0,0.0,,23.0,471.0,,,0.0,0.0,0.0,0.0,0.0,0.0,0.0,0.0,10833000,0.0,0.0,10833000,24482380.193550862,4751806.061633808,608064.2960615729,5359870.35769538,,,Sys,2025-02-26 09:38:48.676
e134cfee-8eab-4682-86b2-035ac9a213e9,A23678,2018,7,1,0.0,0.0,0.0,0.0,1.0,0.0,0.0,0.0,,,0.0,0.0,0.0,,44.0,473.0,,,0.0,0.0,0.0,0.0,0.0,0.0,0.0,0.0,0.0,0.0,0.0,0.0,24482380.193550862,4159860.0513868188,547794.3397534768,4707654.391140295,,,Sys,2025-02-26 09:38:48.676
"452a1107-410d-46a7-8319-56308d0f3262",A23678,2019,8,1,1.0,0.0,0.0,0.0,1.0,0.0,0.0,0.0,,,0.0,0.0,0.0,,55.0,475.0,,,0.0,0.0,0.0,0.0,0.0,0.0,0.0,0.0,26125000,0.0,0.0,26125000,42805407.25402959,6498718.939017641,503257.1034415004,7001976.042459141,,,Sys,2025-02-26 09:38:48.676
a160d19c-e2de-42cc-b818-21aee41b90df,A23678,2020,9,1,0.0,0.0,0.0,0.0,1.0,0.0,0.0,0.0,,,0.0,0.0,0.0,,70.0,500.0,,,0.0,0.0,0.0,0.0,0.0,0.0,0.0,0.0,0.0,0.0,0.0,0.0,42805407.25402959,5897942.120076671,469197.22191665124,6367139.341993323,,,Sys,2025-02-26 09:38:48.676
"06f4284f-5192-45c4-9714-6c203da23e60",A23678,2027,16,0,5.786511417357265,0.0,0.0000000001,0.0000000001,1.0,0.0,0.0000000001,0.0000000001,,,0.0,0.0000000001,0.0000000001,,62.25714285714275,603.0071428571391,,,0.0,0.0000000000000043,0.0,0.0000000000000008,0.0,0.0,0.0000000000000008,0.0,217234329.00300232,0.0,0.0,217234329.00300232,256544678.81214598,22892643.389899302,358475.04508323397,23251118.434982534,Sys,2025-02-26 09:38:47.735,Sys,2025-02-26 09:38:48.686
a7c45936-2361-43ca-98fb-176dc2c31585,A23678,2028,17,0,6.23190378245744,0.0,0.0000000001,0.0000000001,1.0,0.0,0.0000000001,0.0000000001,,,0.0,0.0000000001,0.0000000001,,65.68571428571431,632.9857142857145,,,0.0,0.0000000000000047,0.0,0.0000000000000008,0.0,0.0,0.0000000000000008,0.0,259110835.66456696,0.0,0.0,259110835.66456696,378474528.4411036,32411980.82332765,351141.81876785576,32763122.642095506,Sys,2025-02-26 09:38:47.735,Sys,2025-02-26 09:38:48.686
"6f012f6f-7bdd-4526-8cbe-e4135b93a783",A23678,2029,18,0,6.676011947095262,0.0,0.0000000001,0.0000000001,1.0,0.0,0.0000000001,0.0000000001,,,0.0,0.0000000001,0.0000000001,,69.11428571428587,662.9642857142826,,,0.0,0.000000000000005,0.0,0.0000000000000008,0.0,0.0,0.0000000000000008,0.0,305896890.6562595,0.0,0.0,305896890.6562595,516177128.7240721,42563745.042049624,344843.2786043918,42908588.32065401,Sys,2025-02-26 09:38:47.735,Sys,2025-02-26 09:38:48.686
"4bfb10ef-24a7-414f-b247-ed02ac6ffb0e",A23678,2030,19,0,7.116600388343896,0.0,0.0000000001,0.0000000001,1.0,0.0,0.0000000001,0.0000000001,,,0.0,0.0000000001,0.0000000001,,72.54285714285743,692.942857142858,,,0.0,0.0000000000000053,0.0,0.0000000000000008,0.0,0.0,0.0000000000000008,0.0,357737657.555743,0.0,0.0,357737657.555743,670231616.080694,53371779.78791006,339407.51230625855,53711187.30021632,Sys,2025-02-26 09:38:47.735,Sys,2025-02-26 09:38:48.686
"235dbf55-98a6-4365-a8d6-21b6f40cea72",A23678,2031,20,0,7.555050308598718,0.0,0.0000000001,0.0000000001,1.0,0.0,0.0000000001,0.0000000001,,,0.0,0.0000000001,0.0000000001,,75.97142857142808,722.9214285714261,,,0.0,0.0000000000000057,0.0,0.0000000000000008,0.0,0.0,0.0000000000000008,0.0,414933741.12040627,0.0,0.0,414933741.12040627,841166641.7086849,64856053.02819573,334696.9500991516,65190749.97829488,Sys,2025-02-26 09:38:47.735,Sys,2025-02-26 09:38:48.686
"84acd6d8-6928-4e09-81d9-698a1094bc30",A23678,2032,21,0,7.991504887812273,0.0,0.0000000001,0.0000000001,1.0,0.0,0.0000000001,0.0000000001,,,0.0,0.0000000001,0.0000000001,,79.39999999999964,752.9000000000015,,,0.0,0.000000000000006,0.0,0.0000000000000008,0.0,0.0,0.0000000000000008,0.0,477734239.9846873,0.0,0.0,477734239.9846873,1029436716.0759578,77031521.69598994,330600.22879865335,77362121.9247886,Sys,2025-02-26 09:38:47.735,Sys,2025-02-26 09:38:48.686
"5810089d-23dc-45c3-8dc0-f701a887e30c",A23678,2033,22,0,8.42727804414733,0.0,0.0000000001,0.0000000001,1.0,0.0,0.0000000001,0.0000000001,,,0.0,0.0000000001,0.0000000001,,82.8285714285712,782.8785714285696,,,0.0,0.0000000000000063,0.0,0.0000000000000008,0.0,0.0,0.0000000000000008,0.0,546464431.819446,0.0,0.0,546464431.819446,1235451999.734563,89910991.45401023,327026.2721024019,90238017.72611263,Sys,2025-02-26 09:38:47.735,Sys,2025-02-26 09:38:48.686
"50cd5537-7f42-4858-a429-14b7cae7c3b7",A23678,2034,23,0,8.860100011829589,0.0,0.0000000001,0.0000000001,1.0,0.0,0.0000000001,0.0000000001,,,0.0,0.0000000001,0.0000000001,,86.25714285714275,812.8571428571449,,,0.0,0.0000000000000066,0.0,0.0000000000000008,0.0,0.0,0.0000000000000008,0.0,621223561.6906538,0.0,0.0,621223561.6906538,1459493295.284685,103499305.60569413,323899.91240009153,103823205.51809423,Sys,2025-02-26 09:38:47.735,Sys,2025-02-26 09:38:48.686
"0fb8768e-18a2-4550-b1ef-6069c7ed65b9",A22277,2016,2,1,5.0,781176.0,8.0,1.0,1.0,0.0,8.0,1.0,,,0.0,0.0,0.0,,4.6,470.0,,,781176.0,2360000.0,0.0,472000.0,0.0,0.0,0.0,0.0,10810000,0.0,0.0,14423176,49773860.90683606,26591980.36140881,591698113.2075468,618290093.5689557,,,Sys,2025-02-26 09:13:58.604
"32f058f7-fde2-4c5c-b5e6-40921eb8178d",A22277,2026,12,0,23.570358367670973,0.0,2.5623737373737185,0.11457490747200463,1.0,0.0,19.939393939393995,0.11467824550800862,,,0.0,47.93872718355894,0.09090905128066161,,50.560606060605096,457.27272727272793,,,0.0,518990.5363645876,0.0,171496.1035097043,0.0,0.0,326854.81558948546,0.0,544946360.7999598,0.0,0.0,545963702.2554235,646894990.6399149,71080375.91354579,161436807.5939957,232517183.50754148,Sys,2025-02-26 09:13:56.510,Sys,2025-02-26 09:13:58.614
"6fd8650c-5d0a-4816-94c8-b58074e4960e",A22277,2027,13,0,24.813843697818974,0.0,3.386499611499403,0.2090096602953069,1.0,0.0,20.865967365967435,0.20926556261217122,,,0.0,72.58900095116543,0.06643352457520638,,54.53659673659604,463.54545454545587,,,0.0,1317263.6123630693,0.0,327489.63002147846,0.0,0.0,361675.7383934196,0.0,627298721.1182243,0.0,0.0,629305150.0990022,1000497458.380126,103541283.96043657,155677195.11131662,259218479.0717532,Sys,2025-02-26 09:13:56.510,Sys,2025-02-26 09:13:58.614
"38754c90-f6da-4791-b0b7-6b6c40552714",A22277,2028,14,0,26.015660532968962,0.0,4.2106254856253145,0.3034444131186092,1.0,0.0,21.792540792540876,0.3038528797163338,,,0.0,97.23927471877192,0.04195799786975116,,58.51258741258698,469.818181818182,,,0.0,2492997.7186213317,0.0,496629.47071119153,0.0,0.0,305997.39611297846,0.0,715177725.6191798,0.0,0.0,718473350.2046254,1386693022.0230145,135946160.71867597,150871246.1076816,286817406.8263576,Sys,2025-02-26 09:13:56.510,Sys,2025-02-26 09:13:58.614
bbfd1cb7-27e7-4361-8967-5434e8783a63,A22277,2029,15,0,27.183403268437747,0.0,5.034751359751226,0.3978791659419115,1.0,0.0,22.719114219114317,0.39844019682049636,,,0.0,121.88954848637842,0.017482471164295924,,62.488578088577924,476.0909090909099,,,0.0,4084080.729184479,0.0,678915.6255788434,0.0,0.0,159819.78874816204,0.0,808712878.6269615,0.0,0.0,813635694.770473,1805071393.7734716,168469665.60182893,146824239.64634627,315293905.2481752,Sys,2025-02-26 09:13:56.510,Sys,2025-02-26 09:13:58.614
"2fdfb06c-3fc8-418c-a648-12cc26fc2ceb",A22277,2030,16,0,28.314393416037287,0.0,5.858877233877138,0.49231391876521374,1.0,0.0,23.645687645687758,0.49302751392465893,,,0.0,146.5398222539849,0.00699305554115931,,66.46456876456796,482.36363636363603,,,0.0,6125267.190487459,0.0,874348.0946244342,0.0,0.0,76857.08370102971,0.0,907762031.7539755,0.0,0.0,914838504.1227884,2255085661.001257,201231505.13201356,143390018.03329358,344621523.16530716,Sys,2025-02-26 09:13:56.510,Sys,2025-02-26 09:13:58.614
"4399d04f-f636-4c43-82b0-6afa4502db90",A22277,2031,17,0,29.41497797074117,0.0,6.683003108003049,0.5867486715885161,1.0,0.0,24.5722610722612,0.5876148310288216,,,0.0,171.19009602159142,0.03146858224661453,,70.4405594405589,488.63636363636397,,,0.0,8650746.166772408,0.0,1082926.8778479642,0.0,0.0,404033.22123459657,0.0,1012458212.2750136,0.0,0.0,1022595918.5408685,2736288873.746421,234331601.83395305,140456727.50714228,374788329.3410953,Sys,2025-02-26 09:13:56.510,Sys,2025-02-26 09:13:58.614
c60ebfd0-31f4-4fd2-8623-3b4f1e9bde77,A22277,2032,18,0,30.487801802129656,0.0,7.507128982128961,0.6811834244118183,1.0,0.0,25.49883449883464,0.6822021481329842,,,0.0,195.8403697891979,0.055944108952069777,,74.41655011654984,494.9090909090919,,,0.0,11692983.182064002,0.0,1304651.9752494327,0.0,0.0,821708.6238525391,0.0,1122848275.9465315,0.0,0.0,1136667619.7276976,3247971377.475569,267826329.2224355,137937311.44175673,405763640.6641922,Sys,2025-02-26 09:13:56.510,Sys,2025-02-26 09:13:58.614
"884c64e1-dacd-4f4e-bac6-447af416fb4b",A22277,2033,19,0,31.537975386024698,0.0,8.331254856254645,0.7756181772351206,1.0,0.0,26.42540792540808,0.7767894652371468,,,0.0,220.4906435568044,0.080419635657525,,78.39254079253988,501.181818181818,,,0.0,15284578.675474463,0.0,1539523.3868288402,0.0,0.0,1329883.2915548566,0.0,1239092869.7347586,0.0,0.0,1257246855.0886168,3789386337.9937296,301755823.3754917,135763004.9225034,437518828.2979951,Sys,2025-02-26 09:13:56.510,Sys,2025-02-26 09:13:58.614
e4f0e972-b049-4aa0-85e9-000569d49622,A23678,2035,24,0,9.291263048509949,0.0,0.0000000001,0.0000000001,1.0,0.0,0.0000000001,0.0000000001,,,0.0,0.0000000001,0.0000000001,,89.68571428571431,842.835714285713,,,0.0,0.000000000000007,0.0,0.0000000000000008,0.0,0.0,0.0000000000000008,0.0,702329575.4836836,0.0,0.0,702329575.4836836,1701799050.0723276,117800240.02814229,321158.6043605371,118121398.63250282,Sys,2025-02-26 09:38:47.735,Sys,2025-02-26 09:38:48.686
"96983b55-ba41-4c31-97a1-59e61024f70b",A23678,2036,25,0,9.720856007211514,0.0,0.0000000001,0.0000000001,1.0,0.0,0.0000000001,0.0000000001,,,0.0,0.0000000001,0.0000000001,,93.11428571428587,872.8142857142884,,,0.0,0.0000000000000073,0.0,0.0000000000000008,0.0,0.0,0.0000000000000008,0.0,790028342.6698853,0.0,0.0,790028342.6698853,1962539289.034259,132814704.70501544,318749.92452376935,133133454.6295392,Sys,2025-02-26 09:38:47.735,Sys,2025-02-26 09:38:48.686
f3c31db8-2bb9-4f3f-9be7-2d2543a199f3,A23678,2037,26,0,10.150129886898968,0.0,0.0000000001,0.0000000001,1.0,0.0,0.0000000001,0.0000000001,,,0.0,0.0000000001,0.0000000001,,96.54285714285743,902.7928571428565,,,0.0,0.0000000000000076,0.0,0.0000000000000008,0.0,0.0,0.0000000000000008,0.0,884667069.3514154,0.0,0.0,884667069.3514154,2241850176.0907435,148543183.2371632,316629.645255722,148859812.8824189,Sys,2025-02-26 09:38:47.735,Sys,2025-02-26 09:38:48.686
"747d20cf-4183-4975-aa0f-84932f53fdac",A23678,2038,27,0,10.57681164002032,0.0,0.0000000001,0.0000000001,1.0,0.0,0.0000000001,0.0000000001,,,0.0,0.0000000001,0.0000000001,,99.97142857142808,932.7714285714246,,,0.0,0.0000000000000079,0.0,0.0000000000000008,0.0,0.0,0.0000000000000008,0.0,986292891.8134524,0.0,0.0,986292891.8134524,2539740585.4607677,164979543.08454904,314760.23417183425,165294303.31872088,Sys,2025-02-26 09:38:47.735,Sys,2025-02-26 09:38:48.686
"0a573f4c-7b9a-4742-b5de-9f50cc35d0ed",A23678,2039,28,0,11.002142158966642,0.0,0.0000000001,0.0000000001,1.0,0.0,0.0000000001,0.0000000001,,,0.0,0.0000000001,0.0000000001,,103.39999999999964,962.75,,,0.0,0.0000000000000083,0.0,0.0000000000000008,0.0,0.0,0.0000000000000008,0.0,1095245098.3905632,0.0,0.0,1095245098.3905632,2856190185.998441,182117747.64523792,313109.6727108775,182430857.3179488,Sys,2025-02-26 09:38:47.735,Sys,2025-02-26 09:38:48.686
"52dcf088-2643-48ee-9e54-326ad3705a44",A22685,2011,0,1,0.0,0.0,0.0,0.0,1.0,0.0,0.0,0.0,,,0.0,0.0,0.0,,0.0,0.0,,,0.0,0.0,0.0,0.0,0.0,0.0,0.0,0.0,0.0,0.0,0.0,2000000.0,,,,,,,Sys,2025-02-26 09:16:46.346
ba74f426-8749-4181-8c88-224f003e2aa7,A22685,2012,1,1,0.0,0.0,0.0,0.0,1.0,0.0,0.0,0.0,,,0.0,0.0,0.0,,0.0,0.0,,,0.0,0.0,0.0,0.0,0.0,0.0,0.0,0.0,0.0,0.0,0.0,0.0,0.0,0.0,2239999.999999998,2239999.999999998,,,Sys,2025-02-26 09:16:46.438
e9425308-fac6-448f-9e3c-52d6df59dc0f,A22685,2013,2,1,0.0,0.0,0.0,0.0,1.0,0.0,0.0,0.0,,,0.0,0.0,0.0,,0.0,0.0,,,0.0,0.0,0.0,0.0,0.0,0.0,0.0,0.0,0.0,0.0,0.0,0.0,0.0,0.0,1183396.2264150938,1183396.2264150938,,,Sys,2025-02-26 09:16:46.438
fbbc1a18-70a5-43fb-9885-be58ce3e8e0b,A22685,2014,3,1,0.0,0.0,0.0,0.0,1.0,0.0,0.0,0.0,,,0.0,0.0,0.0,,0.0,0.0,,,0.0,0.0,0.0,0.0,0.0,0.0,0.0,0.0,0.0,0.0,0.0,0.0,0.0,0.0,832697.9611190131,832697.9611190131,,,Sys,2025-02-26 09:16:46.438
fc7b3ab7-1f31-4dad-a6c1-ea170b30aec7,A22685,2015,4,1,0.0,0.0,0.0,0.0,1.0,0.0,0.0,0.0,,,0.0,0.0,0.0,,42.0,460.0,,,0.0,0.0,0.0,0.0,0.0,0.0,0.0,0.0,0.0,0.0,0.0,0.0,0.0,0.0,658468.8726113793,658468.8726113793,,,Sys,2025-02-26 09:16:46.438
"3c39f61d-01fd-4671-818e-f337081d5c64",A22685,2016,5,1,0.0,0.0,60.01,1.0,1.0,0.0,4.0,1.0,,,0.0,0.0,0.0,,7.666666666666667,470.0,,,0.0,0.0,0.0,236000.0,0.0,0.0,0.0,0.0,0.0,0.0,0.0,236000.0,189071.06930444803,43109.56957046774,554819.4638820974,597929.0334525651,,,Sys,2025-02-26 09:16:46.438
d3b12c42-39f2-448f-ba70-9c66878ca7c5,A22685,2018,7,1,0.0,0.0,0.0,0.0,1.0,0.0,4.0,1.0,,,0.0,0.0,0.0,,44.0,473.0,,,0.0,0.0,0.0,248000.0,0.0,0.0,0.0,0.0,0.0,0.0,0.0,248000.0,508846.6216889657,86459.35228163225,438235.47180278145,524694.8240844137,,,Sys,2025-02-26 09:16:46.438
"20246565-1b3b-4a3d-8c16-9b58587794e4",A22685,2019,8,1,2.0,0.0,80.0,1.0,1.0,0.0,2.0,1.0,,,270494218,0.03,1.0,,27.5,475.0,,,0.0,11360000,0.0,142000.0,0.0,270494218,2130.0,0.0,26125000,0.0,0.0,308123348,216614203.30568147,32886378.515890222,402605.68275320035,33288984.198643424,,,Sys,2025-02-26 09:16:46.438
"402569e5-fe80-4e4f-8715-887e77b143a4",A22685,2020,9,1,0.0,0.0,0.0,0.0,1.0,0.0,0.0,0.0,,,0.0,0.0,0.0,,70.0,500.0,,,0.0,0.0,0.0,0.0,0.0,0.0,0.0,0.0,0.0,0.0,0.0,0.0,216614203.30568147,29846183.354864877,375357.777533321,30221541.1323982,,,Sys,2025-02-26 09:16:46.438
"545f9a7c-b2ab-4ef8-9001-9830078aea57",A23678,2040,29,0,11.42618175670949,0.0,0.0000000001,0.0000000001,1.0,0.0,0.0000000001,0.0000000001,,,0.0,0.0000000001,0.0000000001,,106.8285714285712,992.7285714285681,,,0.0,0.0000000000000086,0.0,0.0000000000000008,0.0,0.0,0.0000000000000008,0.0,1211766857.9375896,0.0,0.0,1211766857.9375896,3191120856.847605,199949867.10809207,311650.51689776836,200261517.62498984,Sys,2025-02-26 09:38:47.735,Sys,2025-02-26 09:38:48.686
"3df825d2-7333-4cc3-9b54-a480b04fd26b",A22685,2021,10,1,2.0,0.0,5.0,1.0,1.0,0.0,2.0,1.0,,,0.0,0.0,0.0,,16.666666666666668,523.0,,,0.0,780000.0,0.0,156000.0,0.0,0.0,0.0,0.0,17433333.333333336,0.0,0.0,18369333.333333336,228404359.2625113,28913685.325068004,353968.32831968804,29267653.65338769,,,Sys,2025-02-26 09:16:46.438
"3777d252-824a-4cc1-812a-69957f79022b",A22277,2034,20,0,32.56173724316563,0.0,9.155380730380557,0.8700529300584229,1.0,0.0,27.35198135198152,0.8713767823413093,,,0.0,245.1409173244109,0.10489516236298022,,82.36853146853082,507.45454545454595,,,0.0,19453193.829903774,0.0,1787541.1125861865,0.0,0.0,1928557.2243415494,0.0,1361024796.0518854,0.0,0.0,1384194088.2187169,4359615337.218743,336137252.08936197,133878780.03966062,470016032.1290226,Sys,2025-02-26 09:13:56.510,Sys,2025-02-26 09:13:58.614
"96855f3d-d6d2-4b34-9b52-de5bd3de05e1",A22277,2035,21,0,33.563715402821195,0.0,9.979506604506469,0.9644876828817252,1.0,0.0,28.278554778554962,0.9659640994454719,,,0.0,269.79119109201736,0.12937068906843546,,86.34452214452176,513.7272727272739,,,0.0,24229086.98102848,0.0,2048705.1525214717,0.0,0.0,2617730.4222126175,0.0,1488803710.1207135,0.0,0.0,1517699232.676476,4957724753.475596,370980630.4226698,132240091.51946135,503220721.94213116,Sys,2025-02-26 09:13:56.510,Sys,2025-02-26 09:13:58.614
"05528ec2-902f-4eed-a05b-08c2002facdf",A22277,2036,22,0,34.54542889881678,0.0,10.80363247863238,1.0589224357050275,1.0,0.0,29.205128205128403,1.0605514165496344,,,0.0,294.44146485962386,0.15384621577389068,,90.3205128205127,520.0,,,0.0,29640519.02514289,0.0,2323015.506634696,0.0,0.0,3397402.885168061,0.0,1622483643.9477594,0.0,0.0,1657844581.364705,5582726678.220405,406287327.0377104,130810508.84096074,537097835.8786712,Sys,2025-02-26 09:13:56.510,Sys,2025-02-26 09:13:58.614
"9849c476-d0bf-4d35-a64d-a825e17c1b70",A22277,2037,23,0,35.51083707677963,0.0,11.627758352758292,1.1533571885283298,1.0,0.0,30.131701631701844,1.155138733653797,,,0.0,319.09173862723037,0.1783217424793459,,94.29650349650274,526.2727272727279,,,0.0,35717577.66165659,0.0,2610472.174925859,0.0,0.0,4267574.6132078795,0.0,1762249368.6756897,0.0,0.0,1804844993.12548,6233635361.443111,442055426.62846947,129559964.9600366,571615391.5885061,Sys,2025-02-26 09:13:56.510,Sys,2025-02-26 09:13:58.614
"2db3e6c8-5ef0-4780-8945-f7a948902143",A22277,2038,24,0,36.455867342074654,0.0,12.451884226884204,1.247791941351632,1.0,0.0,31.058275058275285,1.2497260507579595,,,0.0,343.7420123948369,0.20279726918480112,,98.27249417249368,532.5454545454559,,,0.0,42482097.293529205,0.0,2911075.1573949605,0.0,0.0,5228245.606332073,0.0,1907902144.18289,0.0,0.0,1958523562.2401462,6909331710.541265,478270882.7468341,128463441.74421482,606734324.4910489,Sys,2025-02-26 09:13:56.510,Sys,2025-02-26 09:13:58.614
"8b63864e-e165-4c8b-a952-32f977b211ff",A22277,2039,25,0,37.384258103199706,0.0,13.276010101009888,1.3422266941749343,1.0,0.0,31.984848484848726,1.3443133678621222,,,0.0,368.3922861624433,0.2272727958902564,,102.24848484848462,538.818181818182,,,0.0,49962421.140366234,0.0,3224824.4540420016,0.0,0.0,6279415.864540643,0.0,2059623743.2545307,0.0,0.0,2119090404.7134795,7608714389.192586,514919196.9974235,127499969.80950774,642419166.8069313,Sys,2025-02-26 09:13:56.510,Sys,2025-02-26 09:13:58.614
"833584b2-ba56-4066-be30-d224c78fc701",A22277,2040,26,0,38.29697767989643,0.0,14.1001359751358,1.4366614469982366,1.0,0.0,32.91142191142217,1.4389006849662846,,,0.0,393.04255993004983,0.2517483225957116,,106.22447552447466,545.0909090909099,,,0.0,58183990.47226181,0.0,3551720.064866981,0.0,0.0,7421085.387833587,0.0,2217471445.80402,0.0,0.0,2286628241.7289824,8330658479.452409,551982707.0501956,126651858.1022888,678634565.1524844,Sys,2025-02-26 09:13:56.510,Sys,2025-02-26 09:13:58.614
f909bee4-25b8-473e-a945-45aa2df362e1,A22277,2041,27,0,39.19734233243076,0.0,14.924261849261711,1.5310961998215389,1.0,0.0,33.83799533799538,1.5334880020704473,,,0.0,417.69283369765634,0.27622384930116683,,110.2004662004656,551.3636363636379,,,0.0,67175858.29789284,0.0,3891761.9898698735,0.0,0.0,8653254.176210908,0.0,2381651285.8222017,0.0,0.0,2461372160.2861753,9074067629.539146,589444268.44605,125904093.6687337,715348362.1147838,Sys,2025-02-26 09:13:56.510,Sys,2025-02-26 09:13:58.614
dfa401c8-3336-4864-bcb6-4f4e227191e5,A22277,2042,28,0,40.08122901638228,0.0,15.748387723387623,1.6255309526448412,1.0,0.0,34.76456876456882,1.62807531917461,,,0.0,442.34310746526285,0.30069937600662205,,114.17645687645654,557.636363636364,,,0.0,76954431.7106482,0.0,4244950.229050729,0.0,0.0,9975922.229672603,0.0,2551929534.7323875,0.0,0.0,2643104838.901759,9837740958.622051,627278685.4616443,125243869.084351,752522554.5459952,Sys,2025-02-26 09:13:56.510,Sys,2025-02-26 09:13:58.614
"74963bf7-9839-4e70-91a4-fadd5ba91eae",A22277,2043,29,0,40.951842297397285,0.0,16.572513597513534,1.7199657054681434,1.0,0.0,35.69114219114226,1.7226626362787725,,,0.0,466.99338123286935,0.3251749027120773,,118.15244755244657,563.9090909090919,,,0.0,87547324.65486196,0.0,4611284.782409524,0.0,0.0,11389089.548218671,0.0,2728508196.032486,0.0,0.0,2832055895.0179763,10620517261.330235,665462422.2286519,124660206.75910735,790122628.9877592,Sys,2025-02-26 09:13:56.510,Sys,2025-02-26 09:13:58.614
"734a8945-03f1-434b-b518-3788f614d373",A22277,2044,30,0,41.8098449603362,0.0,17.396639471639446,1.8144004582914457,1.0,0.0,36.6177156177157,1.8172499533829352,,,0.0,491.6436550004758,0.34965042941753255,,122.12843822843752,570.181818181818,,,0.0,98977921.74738492,0.0,4990765.6499462575,0.0,0.0,12892756.13184912,0.0,2911445903.259571,0.0,0.0,3028307346.7887516,11421233091.66495,703970810.392283,124143657.55194318,828114467.9442261,Sys,2025-02-26 09:13:56.510,Sys,2025-02-26 09:13:58.614
d05bcdd6-d88b-4a3d-bdb6-a694d202ae30,A22277,2045,31,0,42.65814697598481,0.0,18.22076534576513,1.908835211114748,1.0,0.0,37.544289044289144,1.9118372704870976,,,0.0,516.2939287680823,0.37412595612298777,,126.10442890442846,576.454545454546,,,0.0,111275179.19614589,0.0,5383392.83166093,0.0,0.0,14486921.98056394,0.0,3100968780.517128,0.0,0.0,3232114274.525499,12238770788.652414,742781001.4660827,123686056.9590962,866467058.4251789,Sys,2025-02-26 09:13:56.510,Sys,2025-02-26 09:13:58.614
"7190e9ce-f41e-47db-bda9-138efa3203cf",A22277,2046,32,0,43.492673666137115,0.0,19.044891219891042,2.0032699639380502,1.0,0.0,38.470862470862585,2.0064245875912605,,,0.0,540.9442025356888,0.39860148282844293,,130.0804195804194,582.7272727272739,,,0.0,124450127.40659986,0.0,5789166.327553542,0.0,0.0,16171587.094363132,0.0,3296805907.5500107,0.0,0.0,3443216788.378527,13071930119.834566,781864111.1493275,123280326.32982145,905144437.479149,Sys,2025-02-26 09:13:56.510,Sys,2025-02-26 09:13:58.614
"4152cef1-db98-4e31-a68c-adb94e8083f9",A22277,2047,33,0,44.31627529977455,0.0,19.869017094016954,2.0977047167613527,1.0,0.0,39.397435897436026,2.1010119046954228,,,0.0,565.5944763032952,0.4230770095338982,,134.05641025640944,589.0,,,0.0,138530452.60428295,0.0,6208086.1376240915,0.0,0.0,17946751.473246705,0.0,3499178780.964689,0.0,0.0,3661864071.1798425,13919564435.088608,821193638.1315763,122920309.60832325,944113947.7398995,Sys,2025-02-26 09:13:56.510,Sys,2025-02-26 09:13:58.614
fe1579f2-6498-46a8-aa05-a0e98c1a3062,A22277,2048,34,0,45.129429596624746,0.0,20.693142968142865,2.1921394695846548,1.0,0.0,40.32400932400947,2.1955992217995854,,,0.0,590.2447500709018,0.4475525362393535,,138.03240093240038,595.2727272727279,,,0.0,153537953.5263748,0.0,6640152.261872581,0.0,0.0,19812415.117214657,0.0,3708146400.7739773,0.0,0.0,3888136921.6794395,14780539307.569315,860742848.1757916,122600638.3385673,983343486.5143589,Sys,2025-02-26 09:13:56.510,Sys,2025-02-26 09:13:58.614
"4bdda08d-21a3-47a2-87e6-1dd922eae92e",A22277,2049,35,0,45.934766683164376,0.0,21.517268842268777,2.2865742224079573,1.0,0.0,41.25058275058291,2.290186538903748,,,0.0,614.8950238385082,0.47202806294480865,,142.00839160839132,601.5454545454559,,,0.0,169502156.3251602,0.0,7085364.700299009,0.0,0.0,21768578.02626697,0.0,3923954590.4138274,0.0,0.0,4122310689.4655538,15653776575.966902,900487291.2105072,122316619.32993037,1022803910.5404375,Sys,2025-02-26 09:13:56.510,Sys,2025-02-26 09:13:58.614
e87d5621-62b0-4f61-97b0-86e3b6c789b0,A22277,2050,36,0,46.728298590107954,0.0,22.34139471639469,2.3810089752312593,1.0,0.0,42.17715617715635,2.384773856007911,,,0.0,639.5452976061147,0.4965035896502639,,145.98438228438135,607.818181818182,,,0.0,186428603.2323121,0.0,7543723.452903376,0.0,0.0,23815240.20040367,0.0,4146293606.12799,0.0,0.0,4364081173.013609,16538132272.008694,940397704.0574733,122064140.62665622,1062461844.6841295,Sys,2025-02-26 09:13:56.510,Sys,2025-02-26 09:13:58.614
"2f0fb0ef-7cf0-4cc5-9f61-5d11cc5d495e",A22277,2051,37,0,47.51262283170215,0.0,23.1655205905206,2.475443728054562,1.0,0.0,43.10372960372979,2.479361173112073,,,0.0,664.1955713737212,0.5209791163557191,,149.9603729603723,614.0909090909099,,,0.0,204345647.36804408,0.0,8015228.519685682,0.0,0.0,25952401.639624745,0.0,4375404261.302899,0.0,0.0,4613717538.830254,17432524003.385456,980447430.8455708,121839592.36546266,1102287023.2110333,Sys,2025-02-26 09:13:56.510,Sys,2025-02-26 09:13:58.614
"765d5f70-866a-48a6-8845-44cdf6550437",A22277,2015,1,1,7.0,978000.0,17.516666666666666,1.0,1.0,0.0,7.0,1.0,,,10417220,0.0,0.0,,6.0,460.0,,,978000.0,7111766.666666666,0.0,406000.0,0.0,10417220,0.0,0.0,19320000,0.0,0.0,38232986.666666664,36574705.75063014,38232986.66666674,1119999999.999999,1158232986.6666658,,,Sys,2025-02-26 09:13:58.604
f2cfcdbd-8bf3-4726-8494-b3754b8cbf2a,A22277,2052,38,0,48.2880975239943,0.0,23.989646464646285,2.569878480877864,1.0,0.0,44.03030303030323,2.5739484902162357,,,0.0,688.8458451413277,0.5454546430611744,,153.93636363636324,620.3636363636379,,,0.0,223273815.58436438,0.0,8499879.900645927,0.0,0.0,28180062.343930196,0.0,4611345382.703124,0.0,0.0,4871299140.532064,18335890933.800983,1020610036.9026585,121639799.8234166,1142249836.7260752,Sys,2025-02-26 09:13:56.510,Sys,2025-02-26 09:13:58.614
e6f13e1b-ff63-442c-9747-386134ecd34b,A22277,2053,39,0,49.05714746216723,0.0,24.813772338772196,2.6643132337011664,1.0,0.0,44.95687645687667,2.6685358073203984,,,0.0,713.4961189089341,0.5699301697666297,,157.91235431235418,626.636363636364,,,0.0,243243716.4521858,0.0,8997677.59578411,0.0,0.0,30498222.31332002,0.0,4854382498.952093,0.0,0.0,5137122115.313383,19247233999.45641,1060861508.5816872,121461966.50981426,1182323475.0915015,Sys,2025-02-26 09:13:56.510,Sys,2025-02-26 09:13:58.614
"55649401-8405-469a-9cb1-099474d1b7c9",A22277,2054,40,0,49.815884705055915,0.0,25.637898212898108,2.7587479865244684,1.0,0.0,45.88344988345011,2.763123124424561,,,0.0,738.1463926765407,0.5944056964720847,,161.88834498834422,632.9090909090919,,,0.0,264255210.37692007,0.0,9508621.605100233,0.0,0.0,32906881.547794208,0.0,5104165698.21078,0.0,0.0,5410836411.740595,20165501096.788822,1101173871.0320957,121303625.58292027,1222477496.615016,Sys,2025-02-26 09:13:56.510,Sys,2025-02-26 09:13:58.614
"252f2d48-2b25-4073-9ceb-b38e0727fde9",A22277,2055,41,0,50.56671649913287,0.0,26.46202408702402,2.853182739347771,1.0,0.0,46.81002331002355,2.8577104415287233,,,0.0,762.7966664441471,0.61888122317754,,165.86433566433516,639.181818181818,,,0.0,286337788.17078876,0.0,10032711.928594293,0.0,0.0,35406040.04735278,0.0,5360955230.18115,0.0,0.0,5692731770.327887,21089705335.681244,1141521775.9522314,121162598.20549724,1262684374.1577287,Sys,2025-02-26 09:13:56.510,Sys,2025-02-26 09:13:58.614
fe7c489e-3951-452c-87d2-d3f00b8d4456,A22277,2056,42,0,51.30991970921041,0.0,27.28614996114993,2.947617492171073,1.0,0.0,47.736596736596766,2.952297758632886,,,0.0,787.4469402117537,0.6433567498829953,,169.8403263403261,645.454545454546,,,0.0,309510926.4285278,0.0,10569948.566266244,0.0,0.0,37995697.81199574,0.0,5624809446.013496,0.0,0.0,5982886018.820286,22018886889.192432,1181880344.8913858,121036957.71457066,1302917302.6059566,Sys,2025-02-26 09:13:56.510,Sys,2025-02-26 09:13:58.614
"1a243539-d8bf-41e0-8d42-b67f388116c3",A22277,2057,43,0,52.04776111666385,0.0,28.110275835275843,3.0420522449943754,1.0,0.0,48.66317016317021,3.0468850757370487,,,0.0,812.0972139793602,0.6678322765884506,,173.81631701631613,651.7272727272739,,,0.0,333806732.5459913,0.0,11120331.518116182,0.0,0.0,40675854.84172306,0.0,5896013799.856365,0.0,0.0,6281616718.762196,22952149569.937084,1222227111.8490908,120924998.68754074,1343152110.5366316,Sys,2025-02-26 09:13:56.510,Sys,2025-02-26 09:13:58.614
fd212716-8555-451d-bf5d-c9652998fd5e,A22277,2058,44,0,52.77645515745049,0.0,28.934401709401527,3.136486997817678,1.0,0.0,49.58974358974365,3.1414723928412114,,,0.0,836.7474877469666,0.6923078032939058,,177.79230769230708,658.0,,,0.0,359219147.7365508,0.0,11683860.784144057,0.0,0.0,43446511.136534765,0.0,6174177022.304846,0.0,0.0,6588526541.962075,23888553830.732494,1262536294.8584952,120825210.15110181,1383361505.009597,Sys,2025-02-26 09:13:56.510,Sys,2025-02-26 09:13:58.614
d68a5875-7377-4870-9c20-44cc7b14effd,A22277,2059,45,0,53.49825984722683,0.0,29.75852758352744,3.23092175064098,1.0,0.0,50.51631701631709,3.236059709945374,,,0.0,861.3977615145732,0.7167833299993609,,181.76829836829802,664.2727272727279,,,0.0,385779191.2251134,0.0,12260536.364349874,0.0,0.0,46307666.69643083,0.0,6459579083.427602,0.0,0.0,6903926477.713496,24827225811.804985,1302784663.1348734,120736252.31091169,1423520915.445785,Sys,2025-02-26 09:13:56.510,Sys,2025-02-26 09:13:58.614
"01c3b380-d7e4-4d37-955a-68bd528a1fc6",A40083,2014,0,1,0.0,0.0,0.0,0.0,1.0,0.0,0.0,0.0,,,0.0,0.0,0.0,,0.0,0.0,,,0.0,0.0,0.0,0.0,0.0,0.0,0.0,0.0,0.0,0.0,0.0,10000000,,,,,,,Sys,2025-02-26 09:14:25.038
"2defd3c6-283c-45df-b801-41310a2b6052",A23695,2011,0,1,0.0,0.0,0.0,0.0,1.0,0.0,0.0,0.0,,,0.0,0.0,0.0,,0.0,0.0,,,0.0,0.0,0.0,0.0,0.0,0.0,0.0,0.0,0.0,0.0,0.0,4000000.0,,,,,,,Sys,2025-02-26 09:14:07.928
"2f027e06-5d59-4a96-9daa-239b24dbfa36",A23695,2012,1,1,0.0,0.0,0.0,0.0,1.0,0.0,0.0,0.0,,,0.0,0.0,0.0,,0.0,0.0,,,0.0,0.0,0.0,0.0,0.0,0.0,0.0,0.0,0.0,0.0,0.0,0.0,0.0,0.0,4479999.999999996,4479999.999999996,,,Sys,2025-02-26 09:14:07.988
db8d58a7-ad19-4628-8609-d2ba03e6cf4e,A23695,2013,2,1,0.0,0.0,0.0,0.0,1.0,0.0,0.0,0.0,,,0.0,0.0,0.0,,0.0,0.0,,,0.0,0.0,0.0,0.0,0.0,0.0,0.0,0.0,0.0,0.0,0.0,0.0,0.0,0.0,2366792.4528301875,2366792.4528301875,,,Sys,2025-02-26 09:14:07.988
"67d50542-f8a2-49c5-9da7-fe74598301ed",A23695,2014,3,1,0.0,0.0,0.0,0.0,1.0,0.0,0.0,0.0,,,0.0,0.0,0.0,,0.0,0.0,,,0.0,0.0,0.0,0.0,0.0,0.0,0.0,0.0,0.0,0.0,0.0,0.0,0.0,0.0,1665395.9222380263,1665395.9222380263,,,Sys,2025-02-26 09:14:07.988
"47c2be6d-9504-4ece-9824-5fa466f783ac",A23695,2015,4,1,0.0,0.0,0.0,0.0,1.0,0.0,0.0,0.0,,,0.0,0.0,0.0,,42.0,460.0,,,0.0,0.0,0.0,0.0,0.0,0.0,0.0,0.0,0.0,0.0,0.0,0.0,0.0,0.0,1316937.7452227585,1316937.7452227585,,,Sys,2025-02-26 09:14:07.988
"6e573e31-e2db-485a-a959-e07cc292d20d",A23695,2016,5,1,0.0,0.0,0.0,0.0,1.0,0.0,32.0,1.0,,,0.0,0.0,0.0,,23.0,470.0,,,0.0,0.0,0.0,1888000.0,0.0,0.0,0.0,0.0,0.0,0.0,0.0,1888000.0,1512568.5544355842,344876.55656374193,1109638.9277641948,1454515.4843279368,,,Sys,2025-02-26 09:14:07.988
"24317c98-6a35-40a0-9567-73d27a0fc956",A23695,2017,6,1,1.0,0.0,0.0,0.0,1.0,0.0,14.0,1.0,,,0.0,729.0,1.0,,23.0,471.0,,,0.0,0.0,0.0,840000.0,0.0,0.0,43740000,0.0,10833000,0.0,0.0,55413000,43981111.002378985,8536331.361831632,972902.8736985165,9509234.235530147,,,Sys,2025-02-26 09:14:07.988
"71ee51ad-97e8-4088-8589-30916eaab07a",A23695,2018,7,1,0.0,0.0,0.0,0.0,1.0,0.0,0.0,0.0,,,0.0,0.0,0.0,,44.0,473.0,,,0.0,0.0,0.0,0.0,0.0,0.0,0.0,0.0,0.0,0.0,0.0,0.0,43981111.002378985,7472936.259792241,876470.9436055629,8349407.203397804,,,Sys,2025-02-26 09:14:07.988
"1fa8582c-56a8-42ea-a79e-6649282d1a09",A23695,2019,8,1,1.0,0.0,28.0,1.0,1.0,0.0,0.0,0.0,,,0.0,0.0,0.0,,27.5,475.0,,,0.0,1988000.0,0.0,0.0,0.0,0.0,0.0,0.0,13062500,0.0,0.0,15050500,54536927.98893344,8279798.967784821,805211.3655064007,9085010.333291221,,,Sys,2025-02-26 09:14:07.988
"1baecb45-4652-40a1-947f-44830ff55baf",A23695,2020,9,1,1.0,0.0,1.0,1.0,1.0,0.0,0.0,0.0,,,0.0,0.0,0.0,,17.5,500.0,,,0.0,75000.0,0.0,0.0,0.0,0.0,0.0,0.0,8750000.0,0.0,0.0,8825000.0,60457971.51213828,8330200.307632129,750715.555066642,9080915.862698771,,,Sys,2025-02-26 09:14:07.988
"1db88ae1-d8fe-4f5a-a261-33c7d87fa385",A23695,2021,10,1,1.0,0.0,0.0,0.0,1.0,0.0,0.0,0.0,,,0.0,24.0,1.0,,25.0,523.0,,,0.0,0.0,0.0,0.0,0.0,0.0,1872000.0,0.0,13075000,0.0,0.0,14947000,70051540.2001728,8867817.568911832,707936.6566393761,9575754.225551208,,,Sys,2025-02-26 09:14:07.988
a02b7d35-4819-4b96-821e-0e6631529797,A23695,2022,11,1,1.0,6.0,6.0,6.0,1.0,0.0,0.0,0.0,,,0.0,0.0,0.0,,32.5,530.0,,,6.0,2836800.0,0.0,0.0,0.0,0.0,0.0,0.0,17225000,0.0,0.0,20061806,82369500.40630603,9675134.789387068,673661.6171909857,10348796.406578053,,,Sys,2025-02-26 09:14:07.988
c12f670b-181f-48fd-910b-2b5b76d35b25,A23695,2023,12,1,1.0,0.0,0.02,1.0,1.0,0.0,0.0,0.0,,,0.0,0.0,0.0,,22.0,555.0,,,0.0,1600.0,0.0,0.0,0.0,0.0,0.0,0.0,12210000,0.0,0.0,12211600,89542221.70000046,9838837.633097256,645747.2303759828,10484584.863473238,,,Sys,2025-02-26 09:14:07.988
"99229cea-a67c-49b9-816a-2324ebfc1a35",A23695,2024,13,1,0.0,0.0,0.0,0.0,1.0,3.0,3.0,3.0,,,0.0,0.0,0.0,,55.0,541.0,,,0.0,0.0,3.0,810000.0,0.0,0.0,0.0,0.0,0.0,0.0,0.0,810003.0,89997357.11345118,9313808.676395701,622708.7804452665,9936517.456840968,,,Sys,2025-02-26 09:14:07.988
a92b2a60-29df-471a-a8d6-6d964b8ef5b9,A23695,2025,14,1,0.0,0.0,0.0,0.0,1.0,0.0,0.0,0.0,,,0.0,0.0,0.0,,0.0,0.0,,,0.0,0.0,0.0,0.0,0.0,0.0,0.0,0.0,0.0,0.0,0.0,0.0,89997357.11345118,8823001.904597638,603484.9844307264,9426486.889028365,,,Sys,2025-02-26 09:14:07.988
"908d119d-fa2e-46e5-bd49-8c3be36b8f47",A23695,2026,15,0,10.29330958190526,0.0,3.8803809523809605,1.8285712152971982,1.0,0.0,0.19047858998381542,0.2761903197325878,,,0.0,6.6781828672410946,0.21904743174804256,,35.40952380952376,573.028571428571,,,0.0,5477754.209825964,0.0,3945.625700238186,0.0,0.0,109712.91043597057,0.0,208858136.03044978,0.0,0.0,214449548.77641195,200269133.06473342,18691379.185425144,587296.9585853851,19278676.14401053,Sys,2025-02-26 09:14:07.534,Sys,2025-02-26 09:14:08.000
a525f463-9677-4c0a-93e6-de904a9d710a,A23695,2027,16,0,12.402423403536185,0.0,4.073595238095265,1.9821426177125747,1.0,0.0,0.6226216541599693,0.26904744269827285,,,0.0,11.98680827140095,0.22976169460928111,,37.2398809523811,603.0071428571391,,,0.0,7510703.030934491,0.0,12563.607286523114,0.0,0.0,206558.20360452222,0.0,278507755.98851115,0.0,0.0,286237580.8303367,341071028.273474,30435312.3091214,573560.0721331744,31008872.381254576,Sys,2025-02-26 09:14:07.534,Sys,2025-02-26 09:14:08.000
"98614734-442c-4a88-b44a-533f9a2c14a9",A23695,2028,17,0,14.7224131802435,0.0,4.26680952380957,2.135714020127951,1.0,0.0,1.054764718336123,0.26190456566395787,,,0.0,17.295433675560805,0.24047595747051967,,39.07023809523844,632.9857142857145,,,0.0,10062053.444363266,0.0,20718.577157511685,0.0,0.0,311935.19797487656,0.0,364098565.92684495,0.0,0.0,374493273.1463406,517296419.8696065,44300475.67494063,561826.9100285692,44862302.5849692,Sys,2025-02-26 09:14:07.534,Sys,2025-02-26 09:14:08.000
dfe0e0da-508d-4bb4-b383-bd95a930b843,A23695,2029,18,0,17.262955737483473,0.0,4.460023809523818,2.2892854225433275,1.0,0.0,1.486907782512277,0.2547616886296429,,,0.0,22.60405907972066,0.2511902203317582,,40.90059523809532,662.9642857142826,,,0.0,13219454.682813914,0.0,28410.53531320391,0.0,0.0,425843.89354703337,0.0,468095987.9357478,0.0,0.0,481769697.04742193,734169954.865803,60539340.15574256,551749.2457670268,61091089.40150959,Sys,2025-02-26 09:14:07.534,Sys,2025-02-26 09:14:08.000
"1999e500-bb7b-4b95-9221-ed7c73821b2a",A23695,2030,19,0,20.012458471552147,0.0,4.653238095238123,2.442856824958704,1.0,0.0,1.9190508466884308,0.24761881159532795,,,0.0,27.912684483880515,0.26190448319299675,,42.73095238095266,692.942857142858,,,0.0,17061412.998806484,0.0,35639.481753599786,0.0,0.0,548284.2903209929,0.0,592571061.3169104,0.0,0.0,610216398.0877914,996950717.2443645,79389024.42608584,543052.0196900137,79932076.44577585,Sys,2025-02-26 09:14:07.534,Sys,2025-02-26 09:14:08.000
"0d65a1b6-36bd-401c-8a65-989c666d40c5",A23695,2031,20,0,22.979718363587956,0.0,4.846452380952428,2.59642822737408,1.0,0.0,2.3511939108645845,0.24047593456101296,,,0.0,33.22130988804037,0.2726187460542353,,44.56130952380954,722.9214285714261,,,0.0,21687337.448004905,0.0,42405.4164786993,0.0,0.0,679256.388296755,0.0,740276128.1813546,0.0,0.0,762685127.434135,1311144500.213223,101092522.001016,535515.1201586425,101628037.12117465,Sys,2025-02-26 09:14:07.534,Sys,2025-02-26 09:14:08.000
e97f3dfa-1fa1-4369-ab5e-360cce06f221,A23695,2032,21,0,26.16676489078263,0.0,5.039666666666676,2.7499996297894564,1.0,0.0,2.7833369750407386,0.233333057526698,,,0.0,38.52993529220023,0.28333300891547386,,46.39166666666688,752.9000000000015,,,0.0,27198549.477358304,0.0,48708.33948850247,0.0,0.0,818760.1874743198,0.0,913960243.438893,0.0,0.0,942026261.443214,1682387211.0214803,125891028.48483866,528960.3660778455,126419988.8509165,Sys,2025-02-26 09:14:07.534,Sys,2025-02-26 09:14:08.000
"4add003b-de3d-443c-a76c-0abd20b00dd2",A40083,2029,15,0,6.676011947095262,0.0,0.0000000001,0.0000000001,1.0,0.0,1.6818177279879531,0.31704301267354446,,,0.0,0.0000000001,0.0000000001,,56.09090909090946,476.0909090909099,,,0.0,0.000000000000005,0.0,39990.64194368073,0.0,0.0,0.0000000000000008,0.0,178278705.84959385,0.0,0.0,178318696.49153754,395358132.8697569,36899289.78282292,1468242.3964634629,38367532.17928638,Sys,2025-02-26 09:14:24.755,Sys,2025-02-26 09:14:25.101
d6a2c56e-10e0-4a2d-b710-ff5221a9f409,A40083,2030,16,0,7.116600388343896,0.0,0.0000000001,0.0000000001,1.0,0.0,1.727272221498123,0.3065552051108932,,,0.0,0.0000000001,0.0000000001,,57.86363636363649,482.36363636363785,,,0.0,0.0000000000000053,0.0,39712.82176077789,0.0,0.0,0.0000000000000008,0.0,198633668.40447873,0.0,0.0,198673381.2262395,493086699.8980119,44000359.053765945,1433900.1803329359,45434259.23409888,Sys,2025-02-26 09:14:24.755,Sys,2025-02-26 09:14:25.101
"255c42e3-63c5-4665-a55e-5e2008bc7bf9",A22685,2017,6,1,0.0,0.0,0.0,0.0,1.0,0.0,3.0,1.0,,,0.0,0.0,0.0,,23.0,471.0,,,0.0,0.0,0.0,180000.0,0.0,0.0,0.0,0.0,0.0,0.0,0.0,180000.0,327023.1318282207,63472.19869272155,486451.43684925826,549923.6355419798,,,Sys,2025-02-26 09:16:46.438
b64eae32-4941-4eb8-b29f-c33209665dec,A22685,2022,11,1,0.0,0.0,0.0,0.0,1.0,0.0,0.0,0.0,,,0.0,0.0,0.0,,65.0,530.0,,,0.0,0.0,0.0,0.0,0.0,0.0,0.0,0.0,0.0,0.0,0.0,0.0,228404359.2625113,26828412.84028481,336830.80859549285,27165243.648880303,,,Sys,2025-02-26 09:16:46.438
c75c73df-a501-4990-9aa0-53897d937a00,A22685,2023,12,1,0.0,0.0,0.0,0.0,1.0,0.0,0.0,0.0,,,0.0,0.0,0.0,,44.0,555.0,,,0.0,0.0,0.0,0.0,0.0,0.0,0.0,0.0,0.0,0.0,0.0,0.0,228404359.2625113,25096913.643761538,322873.6151879914,25419787.25894953,,,Sys,2025-02-26 09:16:46.438
aa6f78b1-2647-40d1-b07b-5b14a588d62a,A22718,2026,17,0,5.338400615950283,0.0,0.0000000001,0.0000000001,1.0,0.0,0.0000000001,0.0000000001,,,0.0,0.0000000001,0.0000000001,,59.27205882352973,589.4117647058738,,,0.0,0.000000000000004,0.0,0.0000000000000008,0.0,0.0,0.0000000000000008,0.0,186500489.01343074,0.0,0.0,186500489.01343074,140060611.7303429,11994576.96718909,421370.1825214269,12415947.149710517,Sys,2025-02-26 09:14:16.715,Sys,2025-02-26 09:14:17.087
"47f6c9d6-2cb5-42d6-8e7b-5d3a948494c8",A22718,2027,18,0,5.786511417357265,0.0,0.0000000001,0.0000000001,1.0,0.0,0.0000000001,0.0000000001,,,0.0,0.0000000001,0.0000000001,,62.7794117647054,622.2352941176359,,,0.0,0.0000000000000043,0.0,0.0000000000000008,0.0,0.0,0.0000000000000008,0.0,226041769.180016,0.0,0.0,226041769.180016,241815615.914508,19940012.15903024,413811.9343252702,20353824.09335551,Sys,2025-02-26 09:14:16.715,Sys,2025-02-26 09:14:17.087
"308b3b6d-b66d-4336-a8d2-db0dad00e485",A22718,2028,19,0,6.23190378245744,0.0,0.0000000001,0.0000000001,1.0,0.0,0.0000000001,0.0000000001,,,0.0,0.0000000001,0.0000000001,,66.28676470588198,655.0588235293981,,,0.0,0.0000000000000047,0.0,0.0000000000000008,0.0,0.0,0.0000000000000008,0.0,270600044.07474893,0.0,0.0,270600044.07474893,358345565.1332843,28535718.297068767,407289.0147675103,28943007.311836276,Sys,2025-02-26 09:14:16.715,Sys,2025-02-26 09:14:17.087
"7fdc2f7a-8ee4-4419-9d4a-c0caaab7b5f0",A22718,2029,20,0,6.676011947095262,0.0,0.0000000001,0.0000000001,1.0,0.0,0.0000000001,0.0000000001,,,0.0,0.0000000001,0.0000000001,,69.79411764705856,687.8823529411748,,,0.0,0.000000000000005,0.0,0.0000000000000008,0.0,0.0,0.0000000000000008,0.0,320516280.69592327,0.0,0.0,320516280.69592327,490384619.1446757,37809881.28446639,401636.34011898184,38211517.624585375,Sys,2025-02-26 09:14:16.715,Sys,2025-02-26 09:14:17.087
"94f3ee2e-8888-46b6-b41c-8300ad4efc1d",A22718,2030,21,0,7.116600388343896,0.0,0.0000000001,0.0000000001,1.0,0.0,0.0000000001,0.0000000001,,,0.0,0.0000000001,0.0000000001,,73.30147058823513,720.7058823529369,,,0.0,0.0000000000000053,0.0,0.0000000000000008,0.0,0.0,0.0000000000000008,0.0,375961465.98321337,0.0,0.0,375961465.98321337,638547106.2256879,47781718.3892888,396720.27455838403,48178438.663847186,Sys,2025-02-26 09:14:16.715,Sys,2025-02-26 09:14:17.087
"2e42782f-eada-4d3e-b009-142941248cdb",A40083,2015,1,1,1.0,0.0,0.0,0.0,1.0,0.0,0.0,0.0,,,0.0,0.0,0.0,,42.0,460.0,,,0.0,0.0,0.0,0.0,0.0,0.0,0.0,0.0,19320000,0.0,0.0,19320000,18482032.838889934,19320000.000000037,11199999.999999993,30520000.00000003,,,Sys,2025-02-26 09:14:25.092
ae2a146e-a4fc-4b2d-a428-a291ee49dc44,A40083,2016,2,1,0.0,0.0,0.0,0.0,1.0,0.0,0.0,0.0,,,0.0,0.0,0.0,,23.0,470.0,,,0.0,0.0,0.0,0.0,0.0,0.0,0.0,0.0,0.0,0.0,0.0,0.0,18482032.838889934,9874135.647435252,5916981.132075469,15791116.779510722,,,Sys,2025-02-26 09:14:25.092
a26729c6-5fd1-4636-ab48-3131aea4e9d5,A40083,2017,3,1,1.0,0.0,0.0,0.0,1.0,0.0,1.0,1.0,,,0.0,0.0,0.0,,23.0,471.0,,,0.0,0.0,0.0,60000.0,0.0,0.0,0.0,0.0,10833000,0.0,0.0,10893000,28018232.822624244,10198813.854892146,4163489.8055950655,14362303.660487212,,,Sys,2025-02-26 09:14:25.092
b3d886b1-11bc-4ac0-b22a-1cc9feab65fc,A40083,2018,4,1,0.0,0.0,0.0,0.0,1.0,0.0,1.0,1.0,,,0.0,0.0,0.0,,44.0,473.0,,,0.0,0.0,0.0,62000.0,0.0,0.0,0.0,0.0,0.0,0.0,0.0,62000.0,28070156.106490757,7830594.8584276065,3292344.3630568963,11122939.221484503,,,Sys,2025-02-26 09:14:25.092
"1364946b-1381-4cfd-977f-a6a41e8fff82",A40083,2019,5,1,1.0,0.0,0.0,0.0,1.0,0.0,0.0,0.0,,,0.0,0.0,0.0,,55.0,475.0,,,0.0,0.0,0.0,0.0,0.0,0.0,0.0,0.0,26125000,0.0,0.0,26125000,49000163.24877341,11172391.17707565,2774097.319410487,13946488.496486139,,,Sys,2025-02-26 09:14:25.092
ec720271-e272-408c-9bf0-5a795126085e,A40083,2020,6,1,0.0,0.0,0.0,0.0,1.0,0.0,0.0,0.0,,,0.0,0.0,0.0,,70.0,500.0,,,0.0,0.0,0.0,0.0,0.0,0.0,0.0,0.0,0.0,0.0,0.0,0.0,49000163.24877341,9510483.494897366,2432257.1842462914,11942740.679143656,,,Sys,2025-02-26 09:14:25.092
"9bb725f6-6c52-49a8-beb1-a24cdd093380",A40083,2021,7,1,0.0,0.0,0.0,0.0,1.0,0.0,9.0,1.0,,,0.0,0.0,0.0,,50.0,523.0,,,0.0,0.0,0.0,702000.0,0.0,0.0,0.0,0.0,0.0,0.0,0.0,702000.0,49514841.03055665,8413185.626781473,2191177.359013907,10604362.98579538,,,Sys,2025-02-26 09:14:25.092
"775b8f21-dc48-4c29-b39e-6f48610da0d0",A40083,2022,8,1,0.0,0.0,0.0,0.0,1.0,0.0,2.0,1.0,,,0.0,0.0,0.0,,65.0,530.0,,,0.0,0.0,0.0,157600.0,0.0,0.0,0.0,0.0,0.0,0.0,0.0,157600.0,49625375.34882388,7534126.815366336,2013028.4137660016,9547155.229132337,,,Sys,2025-02-26 09:14:25.092
"606a9f15-4984-4024-81a8-08e76f6bfa8a",A40083,2023,9,1,1.0,0.0,0.0,0.0,1.0,0.0,2.0,1.0,,,0.0,0.0,0.0,,44.0,555.0,,,0.0,0.0,0.0,160000.0,0.0,0.0,0.0,0.0,24420000,0.0,0.0,24580000,66117075.042917356,9109939.76620052,1876788.887666605,10986728.653867126,,,Sys,2025-02-26 09:14:25.092
"75af8dc7-862a-4693-bab0-b3dc03f1db68",A40083,2024,10,1,0.0,0.0,0.0,0.0,1.0,0.0,0.0,0.0,,,0.0,0.0,0.0,,55.0,541.0,,,0.0,0.0,0.0,0.0,0.0,0.0,0.0,0.0,0.0,0.0,0.0,0.0,66117075.042917356,8369754.012477776,1769841.6415984402,10139595.654076217,,,Sys,2025-02-26 09:14:25.092
e9d895c5-6641-4076-b784-34fbe4849f2b,A40083,2025,11,1,0.0,0.0,0.0,0.0,1.0,0.0,0.0,0.0,,,0.0,0.0,0.0,,0.0,0.0,,,0.0,0.0,0.0,0.0,0.0,0.0,0.0,0.0,0.0,0.0,0.0,0.0,66117075.042917356,7766122.287555744,1684154.0429774642,9450276.330533208,,,Sys,2025-02-26 09:14:25.092
"69dcb3f1-7c3f-49be-aebc-cdf793decff6",A40083,2026,12,0,5.338400615950283,0.0,0.0000000001,0.0000000001,1.0,0.0,1.5454542474574429,0.3485064353614984,,,0.0,0.0000000001,0.0000000001,,50.77272727272748,457.27272727272793,,,0.0,0.000000000000004,0.0,40395.05630967604,0.0,0.0,0.0000000000000008,0.0,123941558.8624917,0.0,0.0,123981953.91880137,138940292.3860362,15266663.608830936,1614368.0759399573,16881031.684770893,Sys,2025-02-26 09:14:24.755,Sys,2025-02-26 09:14:25.101
"98aa5f96-3e7b-4f51-9db9-8f5700bfdf79",A22718,2009,0,1,0.0,0.0,0.0,0.0,1.0,0.0,0.0,0.0,,,0.0,0.0,0.0,,0.0,0.0,,,0.0,0.0,0.0,0.0,0.0,0.0,0.0,0.0,0.0,0.0,0.0,3000000.0,,,,,,,Sys,2025-02-26 09:14:17.019
"4f61d47a-4672-4ae3-a367-48e123bb0d82",A22718,2010,1,1,0.0,0.0,0.0,0.0,1.0,0.0,0.0,0.0,,,0.0,0.0,0.0,,0.0,0.0,,,0.0,0.0,0.0,0.0,0.0,0.0,0.0,0.0,0.0,0.0,0.0,0.0,0.0,0.0,3359999.9999999977,3359999.9999999977,,,Sys,2025-02-26 09:14:17.076
fbaf1152-1704-4738-9d55-c3a53ee29890,A22718,2011,2,1,0.0,0.0,0.0,0.0,1.0,0.0,0.0,0.0,,,0.0,0.0,0.0,,0.0,0.0,,,0.0,0.0,0.0,0.0,0.0,0.0,0.0,0.0,0.0,0.0,0.0,0.0,0.0,0.0,1775094.3396226405,1775094.3396226405,,,Sys,2025-02-26 09:14:17.076
"9f40c72b-0879-4e0b-a585-f9c59b5d9c0a",A22718,2012,3,1,0.0,0.0,0.0,0.0,1.0,0.0,0.0,0.0,,,0.0,0.0,0.0,,0.0,0.0,,,0.0,0.0,0.0,0.0,0.0,0.0,0.0,0.0,0.0,0.0,0.0,0.0,0.0,0.0,1249046.9416785196,1249046.9416785196,,,Sys,2025-02-26 09:14:17.076
d9dd2ed2-0373-401b-b94c-17b54e899aa8,A22718,2013,4,1,0.0,0.0,0.0,0.0,1.0,0.0,0.0,0.0,,,0.0,0.0,0.0,,0.0,0.0,,,0.0,0.0,0.0,0.0,0.0,0.0,0.0,0.0,0.0,0.0,0.0,0.0,0.0,0.0,987703.3089170689,987703.3089170689,,,Sys,2025-02-26 09:14:17.076
"6072fce3-64b6-40b3-ba96-891f2d77b94a",A22718,2014,5,1,0.0,0.0,0.0,0.0,1.0,0.0,0.0,0.0,,,0.0,0.0,0.0,,0.0,0.0,,,0.0,0.0,0.0,0.0,0.0,0.0,0.0,0.0,0.0,0.0,0.0,0.0,0.0,0.0,832229.1958231461,832229.1958231461,,,Sys,2025-02-26 09:14:17.076
"437320f1-5648-4e31-b0f7-d0fbb6677a08",A22718,2015,6,1,1.0,0.0,0.0,0.0,1.0,0.0,0.0,0.0,,,0.0,0.0,0.0,,42.0,460.0,,,0.0,0.0,0.0,0.0,0.0,0.0,0.0,0.0,19320000,0.0,0.0,19320000,14806854.710884929,2873875.064951737,729677.1552738873,3603552.2202256243,,,Sys,2025-02-26 09:14:17.076
"68951bd1-fb4f-4331-8d11-b98bf41ce681",A22718,2016,7,1,0.0,0.0,0.0,0.0,1.0,0.0,0.0,0.0,,,0.0,0.0,0.0,,23.0,470.0,,,0.0,0.0,0.0,0.0,0.0,0.0,0.0,0.0,0.0,0.0,0.0,0.0,14806854.710884929,2515868.2657303116,657353.2077041721,3173221.4734344836,,,Sys,2025-02-26 09:14:17.076
"0f758298-77ac-4fc4-817a-13e8ff2caa52",A22718,2017,8,1,1.0,0.0,0.0,0.0,1.0,0.0,0.0,0.0,,,0.0,0.0,0.0,,23.0,471.0,,,0.0,0.0,0.0,0.0,0.0,0.0,0.0,0.0,10833000,0.0,0.0,10833000,22404686.371982194,3401480.5368927913,603908.5241298005,4005389.061022592,,,Sys,2025-02-26 09:14:17.076
"4135949b-cc4e-43f4-99d7-b002e65322d2",A22718,2018,9,1,0.0,0.0,0.0,0.0,1.0,0.0,0.0,0.0,,,0.0,0.0,0.0,,44.0,473.0,,,0.0,0.0,0.0,0.0,0.0,0.0,0.0,0.0,0.0,0.0,0.0,0.0,22404686.371982194,3087029.231055432,563036.6662999815,3650065.8973554135,,,Sys,2025-02-26 09:14:17.076
e4d69cb6-a89e-4ea2-9cec-632952f09d91,A22718,2019,10,1,1.0,0.0,0.0,0.0,1.0,0.0,0.0,0.0,,,0.0,0.0,0.0,,55.0,475.0,,,0.0,0.0,0.0,0.0,0.0,0.0,0.0,0.0,26125000,0.0,0.0,26125000,39172732.265800476,4958872.3162447745,530952.492479532,5489824.8087243065,,,Sys,2025-02-26 09:14:17.076
"50816095-d5b5-4a5e-b867-acf102324576",A22718,2020,11,1,0.0,0.0,0.0,0.0,1.0,0.0,0.0,0.0,,,0.0,0.0,0.0,,70.0,500.0,,,0.0,0.0,0.0,0.0,0.0,0.0,0.0,0.0,0.0,0.0,0.0,0.0,39172732.265800476,4601235.443588729,505246.2128932392,5106481.656481968,,,Sys,2025-02-26 09:14:17.076
"47919a78-64f1-43d7-b8b3-6506fe42c5a6",A22718,2021,12,1,0.0,0.0,0.0,0.0,1.0,0.0,0.0,0.0,,,0.0,0.0,0.0,,50.0,523.0,,,0.0,0.0,0.0,0.0,0.0,0.0,0.0,0.0,0.0,0.0,0.0,0.0,39172732.265800476,4304272.834543694,484310.4227819871,4788583.257325681,,,Sys,2025-02-26 09:14:17.076
d9ccd84f-994f-483c-9a9b-02d84af26e05,A22718,2022,13,1,0.0,0.0,0.0,0.0,1.0,0.0,0.0,0.0,,,0.0,0.0,0.0,,65.0,530.0,,,0.0,0.0,0.0,0.0,0.0,0.0,0.0,0.0,0.0,0.0,0.0,0.0,39172732.265800476,4053978.3095564647,467031.5853339499,4521009.894890415,,,Sys,2025-02-26 09:14:17.076
d920972a-b8c7-4a6b-b791-56e924c61200,A22718,2023,14,1,1.0,0.0,0.0,0.0,1.0,0.0,0.0,0.0,,,0.0,0.0,0.0,,44.0,555.0,,,0.0,0.0,0.0,0.0,0.0,0.0,0.0,0.0,24420000,0.0,0.0,24420000,52299030.77286879,5127199.985838972,452613.7383230448,5579813.724162017,,,Sys,2025-02-26 09:14:17.076
bff7e11d-e656-4d6a-98d8-5ad6e7034aa8,A22718,2024,15,1,0.0,0.0,0.0,0.0,1.0,0.0,0.0,0.0,,,0.0,0.0,0.0,,55.0,541.0,,,0.0,0.0,0.0,0.0,0.0,0.0,0.0,0.0,0.0,0.0,0.0,0.0,52299030.77286879,4881136.6996327685,440472.7189390388,5321609.418571807,,,Sys,2025-02-26 09:14:17.076
"650c1b6f-c770-4086-bb5e-6e91b8445405",A22718,2025,16,1,0.0,0.0,0.0,0.0,1.0,0.0,0.0,0.0,,,0.0,0.0,0.0,,0.0,0.0,,,0.0,0.0,0.0,0.0,0.0,0.0,0.0,0.0,0.0,0.0,0.0,0.0,52299030.77286879,4666879.339163167,430170.0540998808,5097049.3932630485,,,Sys,2025-02-26 09:14:17.076
"376d3bb3-ee6d-4861-b375-21f627da4539",A40083,2027,13,0,5.786511417357265,0.0,0.0000000001,0.0000000001,1.0,0.0,1.590908740967613,0.33801862779884706,,,0.0,0.0000000001,0.0000000001,,52.54545454545496,463.54545454545587,,,0.0,0.0000000000000043,0.0,40331.7592181298,0.0,0.0,0.0000000000000008,0.0,140943254.15278262,0.0,0.0,140983585.91200075,218158051.65831417,22577133.590705175,1556771.9511131663,24133905.541818343,Sys,2025-02-26 09:14:24.755,Sys,2025-02-26 09:14:25.101
a97c35d9-471d-4c2f-8636-b9a4421f68df,A40083,2028,14,0,6.23190378245744,0.0,0.0000000001,0.0000000001,1.0,0.0,1.636363234477783,0.3275308202361958,,,0.0,0.0000000001,0.0000000001,,54.31818181818198,469.818181818182,,,0.0,0.0000000000000047,0.0,40196.9544294647,0.0,0.0,0.0000000000000008,0.0,159036124.3948326,0.0,0.0,159076321.3492621,303665147.4583444,29770187.262359627,1508712.461076816,31278899.72343644,Sys,2025-02-26 09:14:24.755,Sys,2025-02-26 09:14:25.101
a3119cf5-ee1a-4fdf-8a83-46f40f162759,A22685,2024,13,1,0.0,0.0,0.0,0.0,1.0,0.0,0.0,0.0,,,0.0,0.0,0.0,,55.0,541.0,,,0.0,0.0,0.0,0.0,0.0,0.0,0.0,0.0,0.0,0.0,0.0,0.0,228404359.2625113,23637521.936828367,311354.39022263326,23948876.327051,,,Sys,2025-02-26 09:16:46.438
dd04903b-4ab8-4d36-a477-2ad05e37596d,A22685,2025,14,1,0.0,0.0,0.0,0.0,1.0,0.0,0.0,0.0,,,0.0,0.0,0.0,,0.0,0.0,,,0.0,0.0,0.0,0.0,0.0,0.0,0.0,0.0,0.0,0.0,0.0,0.0,228404359.2625113,22391903.06723288,301742.4922153632,22693645.559448242,,,Sys,2025-02-26 09:16:46.438
e9c2b92b-67a8-41b1-81df-6a31480863ee,A22685,2026,15,0,105.80766055131839,0.0,2.096997173620841,0.1999999836593669,1.0,0.0,0.3094421941821493,0.08086285145907138,,,0.0,0.002503207386726448,0.07619059391863561,,50.984126984127215,573.028571428571,,,0.0,3328175.2049307483,0.0,1876.6783637490196,0.0,0.0,14.30406431221529,0.0,3091209047.3176446,0.0,0.0,3094539113.5050035,1819642605.0127277,169829615.73641023,293648.47929269256,170123264.21570292,Sys,2025-02-26 09:16:45.383,Sys,2025-02-26 09:16:46.449
"5c804952-c697-418c-a949-b3b69ce345dd",A22685,2027,16,0,181.49559852462858,0.0,1.1507309166023398,0.19999995922969283,1.0,0.0,0.5413185139596535,0.15345146126961653,,,0.0,0.003068805239296254,0.09404774691171253,,54.066865079365016,603.0071428571391,,,0.0,3132788.3081192034,0.0,6229.95877345546,0.0,0.0,21.64606638500036,0.0,5917247609.000411,0.0,0.0,5920386648.91337,4731914495.088661,422250157.70793486,286780.0360665872,422536937.74400145,Sys,2025-02-26 09:16:45.383,Sys,2025-02-26 09:16:46.449
"48c140b3-4a32-4629-a331-7de4f1e6ff92",A22685,2028,17,0,298.16634874253424,0.0,0.20446465958383886,0.19999993480001876,1.0,0.0,0.7731948337371577,0.2260400710801617,,,0.0,0.0036344030918660595,0.11190489990478943,,57.149603174603726,632.9857142857145,,,0.0,914466.9168087505,0.0,13107.976138257069,0.0,0.0,30.503063565669645,0.0,10786132597.4096,0.0,0.0,10787060202.80561,9807984066.217218,839940782.2215047,280913.4550142846,840221695.6765189,Sys,2025-02-26 09:16:45.383,Sys,2025-02-26 09:16:46.449
c026037d-c013-4ad6-9215-766f10924f21,A22685,2029,18,0,472.7188941299783,0.0,0.7418015974346623,0.1999999103703447,1.0,0.0,1.005071153514662,0.2986286808907069,,,0.0,0.004200000944435865,0.12976205289786633,,60.23234126984153,662.9642857142826,,,0.0,5259952.104807948,0.0,22510.73045815385,0.0,0.0,40.87505585422314,0.0,18876559404.55329,0.0,0.0,18881841908.263615,18307837475.389565,1509656440.0285916,275874.6228835134,1509932314.6514752,Sys,2025-02-26 09:16:45.383,Sys,2025-02-26 09:16:46.449
"29e8f997-069e-477c-b472-05f981904b61",A22685,2030,19,0,725.1283371754225,0.0,1.688067854453163,0.19999988594067064,1.0,0.0,1.236947473292166,0.37121729070125203,,,0.0,0.004765598797005671,0.14761920589094324,,63.31507936507933,692.942857142858,,,0.0,18360977.073873952,0.0,34438.22173314579,0.0,0.0,52.76204325066087,0.0,31814086327.551582,0.0,0.0,31832481795.609234,32016029947.54338,2549495516.245074,271526.00984500686,2549767042.2549186,Sys,2025-02-26 09:16:45.383,Sys,2025-02-26 09:16:46.449
"1edbb0ca-b8a9-4a0b-b3f4-7ca5818fe202",A22685,2031,20,0,1082.0287614162544,0.0,2.6343341114716643,0.19999986151099658,1.0,0.0,1.4688237930696701,0.4438059005117972,,,0.0,0.0053311966495754775,0.16547635888402015,,66.39781746031713,722.9214285714261,,,0.0,42756349.53044243,0.0,48890.449963232895,0.0,0.0,66.16402575498282,0.0,51937818826.36719,0.0,0.0,51980624132.51162,53429832773.64685,4119573810.7448206,267757.56007932127,4119841568.3048997,Sys,2025-02-26 09:16:45.383,Sys,2025-02-26 09:16:46.449
fd891743-a7ce-4f28-945a-da3f4920a09d,A22685,2032,21,0,1575.8986812201185,0.0,3.5806003684901655,0.1999998370813225,1.0,0.0,1.7007001128471744,0.5163945103223423,,,0.0,0.005896794502145284,0.18333351187709704,,69.48055555555584,752.9000000000015,,,0.0,84639882.03305444,0.0,65867.41514841517,0.0,0.0,81.08100336718897,0.0,82438270418.85567,0.0,0.0,82522976249.38487,85951275816.91367,6431631458.732689,264480.1830389227,6431895938.915728,Sys,2025-02-26 09:16:45.383,Sys,2025-02-26 09:16:46.449
"3b3b0e6b-7d0c-4d29-b089-461bb3d088bc",A22685,2033,22,0,2248.523956355053,0.0,4.526866625508667,0.19999981265164843,1.0,0.0,1.9325764326246786,0.5889831201328874,,,0.0,0.00646239235471509,0.20119066487017395,,72.56329365079364,782.8785714285696,,,0.0,152681377.79704973,0.0,85369.1172886926,0.0,0.0,97.51297608727936,0.0,127734705807.88544,0.0,0.0,127887472652.31274,134164430087.77289,9763921973.209486,261621.01768192148,9764183594.227167,Sys,2025-02-26 09:16:45.383,Sys,2025-02-26 09:16:46.449
"103d62a6-e2b9-4d5f-b933-d25644f93bf5",A22685,2034,23,0,3144.226834413969,0.0,5.4731328825271675,0.19999978822197437,1.0,0.0,2.1644527524021826,0.6615717299434326,,,0.0,0.007027990207284895,0.21904781786325087,,75.64603174603144,812.8571428571449,,,0.0,258131295.8303606,0.0,107395.55638406522,0.0,0.0,115.45994391525393,0.0,193336675698.2361,0.0,0.0,193594914505.0828,203983506717.11694,14465397935.327936,259119.92992007322,14465657055.257856,Sys,2025-02-26 09:16:45.383,Sys,2025-02-26 09:16:46.449
"06d04a38-e1f6-41db-b8fe-b623298d0d85",A22685,2035,24,0,4321.799365282498,0.0,6.419399139545668,0.1999997637923003,1.0,0.0,2.396329072179687,0.7341603397539778,,,0.0,0.007593588059854701,0.23690497085632778,,78.72876984127015,842.835714285713,,,0.0,416149835.41219497,0.0,131946.73243453298,0.0,0.0,134.92190685111274,0.0,286774807561.6799,0.0,0.0,287191089478.7464,303065271366.58203,20978482570.93581,256926.88348842965,20978739497.819298,Sys,2025-02-26 09:16:45.383,Sys,2025-02-26 09:16:46.449
"32311fa6-0f09-4bd4-b173-92fb6a89cc59",A22685,2036,25,0,5848.95171228531,0.0,7.36566539656417,0.19999973936262624,1.0,0.0,2.628205391957191,0.8067489495645229,,,0.0,0.008159185912424507,0.25476212384940466,,81.81150793650795,872.8142857142884,,,0.0,646220476.3531833,0.0,159022.64544009592,0.0,0.0,155.89886489485573,0.0,417651724949.8222,0.0,0.0,418298104604.71967,441119999103.77606,29852764093.846355,254999.93961901547,29853019093.785973,Sys,2025-02-26 09:16:45.383,Sys,2025-02-26 09:16:46.449
"984e5e9f-634e-4d01-b01a-247f3a319f83",A22685,2037,26,0,7811.17328004973,0.0,8.31193165358267,0.19999971493295218,1.0,0.0,2.8600817117346953,0.8793375593750681,,,0.0,0.008724783764994313,0.2726192768424816,,84.89424603174575,902.7928571428565,,,0.0,973887688.452548,0.0,188623.29540075405,0.0,0.0,178.39081804648302,0.0,598663309277.6626,0.0,0.0,599637385767.8014,630440090167.8933,41772451536.9543,253303.7162045776,41772704840.6705,Sys,2025-02-26 09:16:45.383,Sys,2025-02-26 09:16:46.449
"1efc68d5-0bfe-4995-b8e7-0a157be73d7a",A22685,2038,27,0,10290.512833832536,0.0,9.258197910601172,0.19999969050327812,1.0,0.0,3.0919580315121995,0.9519261691856132,,,0.0,0.009290381617564118,0.2904764298355585,,87.97698412698446,932.7714285714246,,,0.0,1429071854.78935,0.0,220748.68231650733,0.0,0.0,202.39776630599445,0.0,844464357017.235,0.0,0.0,845893649823.1044,885925664200.5701,57549031630.79111,251808.18733746745,57549283438.97845,Sys,2025-02-26 09:16:45.383,Sys,2025-02-26 09:16:46.449
"84330a2e-28d6-4752-8be0-a163d9b8b0f9",A22685,2039,28,0,13398.780034027954,0.0,10.204464167619673,0.19999966607360406,1.0,0.0,3.3238343512897037,1.0245147789961584,,,0.0,0.009855979470133926,0.3083335828286354,,91.05972222222226,962.75,,,0.0,2050907136.9399817,0.0,255398.80618735577,0.0,0.0,227.91970967339014,0.0,1174640865761.6753,0.0,0.0,1176692028525.341,1225907758555.4219,78166909508.82549,250487.738168702,78167159996.56366,Sys,2025-02-26 09:16:45.383,Sys,2025-02-26 09:16:46.449
d3735a17-3356-4b99-8ab4-91706569a873,A22685,2040,29,0,17259.038802334224,0.0,11.150730424638175,0.19999964164393,1.0,0.0,3.555710671067208,1.0971033888067034,,,0.0,0.010421577322703731,0.3261907358217123,,94.14246031746006,992.7285714285681,,,0.0,2886758163.652165,0.0,292573.66701329936,0.0,0.0,254.95664814867007,0.0,1612993697521.0588,0.0,0.0,1615880748513.3347,1672534945597.778,104798017721.0463,249320.4135182147,104798267041.45981,Sys,2025-02-26 09:16:45.383,Sys,2025-02-26 09:16:46.449
"14bb78ec-3238-4e5f-b773-9ac0df3ae1f4",A23678,2011,0,1,0.0,0.0,0.0,0.0,1.0,0.0,0.0,0.0,,,0.0,0.0,0.0,,0.0,0.0,,,0.0,0.0,0.0,0.0,0.0,0.0,0.0,0.0,0.0,0.0,0.0,2500000.0,,,,,,,Sys,2025-02-26 09:38:48.601
cd4c8b17-72e3-4b87-aaf2-23aedfafc0ae,A22277,2014,0,1,1.0,0.0,0.0,0.0,1.0,0.0,0.0,0.0,,,0.0,0.0,0.0,,0.0,0.0,,,0.0,0.0,0.0,0.0,0.0,0.0,0.0,0.0,0.0,0.0,0.0,1000000000,,,,,,,Sys,2025-02-26 09:13:58.539
a8580490-96fd-456b-8045-1fe1949902ed,A24885,2010,0,1,0.0,0.0,0.0,0.0,1.0,0.0,0.0,0.0,,,0.0,0.0,0.0,,0.0,0.0,,,0.0,0.0,0.0,0.0,0.0,0.0,0.0,0.0,0.0,0.0,0.0,90000000,,,,,,,Sys,2025-02-26 09:16:59.131
"1934ee73-3fef-4f3c-86c9-e70d8f6dd8ed",A24885,2011,1,1,0.0,0.0,0.0,0.0,1.0,0.0,0.0,0.0,,,0.0,0.0,0.0,,0.0,0.0,,,0.0,0.0,0.0,0.0,0.0,0.0,0.0,0.0,0.0,0.0,0.0,0.0,0.0,0.0,100799999.99999993,100799999.99999993,,,Sys,2025-02-26 09:16:59.188
ede551f2-3e93-4645-8af4-699047ed3fa0,A24885,2012,2,1,0.0,0.0,0.0,0.0,1.0,0.0,0.0,0.0,,,0.0,0.0,0.0,,0.0,0.0,,,0.0,0.0,0.0,0.0,0.0,0.0,0.0,0.0,0.0,0.0,0.0,0.0,0.0,0.0,53252830.18867922,53252830.18867922,,,Sys,2025-02-26 09:16:59.188
e32a6709-bb5d-4c91-9f2e-3b2249f3c7d3,A24885,2013,3,1,0.0,0.0,0.0,0.0,1.0,0.0,0.0,0.0,,,0.0,0.0,0.0,,0.0,0.0,,,0.0,0.0,0.0,0.0,0.0,0.0,0.0,0.0,0.0,0.0,0.0,0.0,0.0,0.0,37471408.25035559,37471408.25035559,,,Sys,2025-02-26 09:16:59.188
"05bcf9f8-9e0b-4daa-a074-84360108783d",A24885,2014,4,1,0.0,0.0,0.0,0.0,1.0,0.0,0.0,0.0,,,0.0,0.0,0.0,,0.0,0.0,,,0.0,0.0,0.0,0.0,0.0,0.0,0.0,0.0,0.0,0.0,0.0,0.0,0.0,0.0,29631099.26751207,29631099.26751207,,,Sys,2025-02-26 09:16:59.188
"55c64cc5-04f2-4e6a-b4ab-74e8363af7de",A24885,2015,5,1,2.0,0.0,0.0,0.0,1.0,0.0,0.0,0.0,,,53669568,408.0,1.0,,42.0,460.0,,,0.0,0.0,0.0,0.0,0.0,53669568,23664000,0.0,38640000,0.0,0.0,115973568,92912061.4949666,21184621.178099032,24966875.874694385,46151497.05279341,,,Sys,2025-02-26 09:16:59.188
"964c52af-6811-419f-a9ef-6745efa3a0f0",A24885,2016,6,1,0.0,0.0,0.0,0.0,1.0,0.0,0.0,0.0,,,0.0,0.0,0.0,,23.0,470.0,,,0.0,0.0,0.0,0.0,0.0,0.0,0.0,0.0,0.0,0.0,0.0,0.0,92912061.4949666,18033381.29382433,21890314.65821662,39923695.952040955,,,Sys,2025-02-26 09:16:59.188
"3124988d-e1be-41c3-9d63-bb86dadc086f",A24885,2017,7,1,2.0,0.0,0.0,0.0,1.0,0.0,0.0,0.0,,,586500.0,998.26,1.0,,23.0,471.0,,,0.0,0.0,0.0,0.0,0.0,586500.0,59895600,0.0,21666000,0.0,0.0,82148100,153139699.50879508,26020334.347876314,19720596.231125165,45740930.57900148,,,Sys,2025-02-26 09:16:59.188
"8de86f55-96f2-4ed6-b19e-da77f0355402",A24885,2018,8,1,0.0,0.0,0.0,0.0,1.0,0.0,0.0,0.0,,,0.0,0.0,0.0,,44.0,473.0,,,0.0,0.0,0.0,0.0,0.0,0.0,0.0,0.0,0.0,0.0,0.0,0.0,153139699.50879508,23249676.369323425,18117255.723894015,41366932.09321744,,,Sys,2025-02-26 09:16:59.188
"1d45db1d-4fee-4ef2-afa7-103cc87eacf1",A24885,2019,9,1,1.0,0.0,0.0,0.0,1.0,0.0,144.0,1.0,,,0.0,0.0,0.0,,55.0,475.0,,,0.0,0.0,0.0,10224000,0.0,0.0,0.0,0.0,26125000,0.0,0.0,36349000,177527689.42663902,24460648.878669363,16891099.988999445,41351748.86766881,,,Sys,2025-02-26 09:16:59.188
"06f89a01-9925-4005-ae68-a0c058e012d0",A24885,2020,10,1,0.0,0.0,0.0,0.0,1.0,0.0,0.0,0.0,,,0.0,0.0,0.0,,70.0,500.0,,,0.0,0.0,0.0,0.0,0.0,0.0,0.0,0.0,0.0,0.0,0.0,0.0,177527689.42663902,22473212.705492936,15928574.774385959,38401787.479878895,,,Sys,2025-02-26 09:16:59.188
"2e38048b-b0d3-47c7-bd50-7328b9f67ed3",A24885,2021,11,1,1.0,0.0,0.0,0.0,1.0,0.0,0.0,0.0,,,517108485,0.0,0.0,,50.0,523.0,,,0.0,0.0,0.0,0.0,0.0,517108485,0.0,0.0,26150000,0.0,0.0,543258485,511088705.8114167,60032561.733011104,15157386.386797179,75189948.11980829,,,Sys,2025-02-26 09:16:59.188
"755da4ea-459c-45d9-9341-9aa05eeb705e",A24885,2022,12,1,0.0,0.0,0.0,0.0,1.0,0.0,0.0,0.0,,,0.0,0.0,0.0,,65.0,530.0,,,0.0,0.0,0.0,0.0,0.0,0.0,0.0,0.0,0.0,0.0,0.0,0.0,511088705.8114167,56158074.89606115,14529312.683459612,70687387.57952076,,,Sys,2025-02-26 09:16:59.188
a693c85e-932b-46f8-9793-e75eec3fda20,A24885,2023,13,1,1.0,0.0,0.0,0.0,1.0,0.0,0.0,0.0,,,0.0,0.0,0.0,,44.0,555.0,,,0.0,0.0,0.0,0.0,0.0,0.0,0.0,0.0,24420000,0.0,0.0,24420000,524810144.8634529,54312498.02733535,14010947.560018497,68323445.58735386,,,Sys,2025-02-26 09:16:59.188
"45633da3-b8af-49ab-a13e-a69304ccd4f8",A24885,2024,14,1,0.0,0.0,0.0,0.0,1.0,0.0,0.0,0.0,,,0.0,0.0,0.0,,55.0,541.0,,,0.0,0.0,0.0,0.0,0.0,0.0,0.0,0.0,0.0,0.0,0.0,0.0,524810144.8634529,51450409.836427726,13578412.149691345,65028821.98611907,,,Sys,2025-02-26 09:16:59.188
a4ba963c-b078-42c3-947d-2dc04f790816,A24885,2025,15,1,0.0,0.0,0.0,0.0,1.0,0.0,0.0,0.0,,,0.0,0.0,0.0,,0.0,0.0,,,0.0,0.0,0.0,0.0,0.0,0.0,0.0,0.0,0.0,0.0,0.0,0.0,524810144.8634529,48981214.767779395,13214181.568171166,62195396.33595056,,,Sys,2025-02-26 09:16:59.188
"4144282e-eff4-418a-a877-ea2b5606df4c",A24885,2026,16,0,8.962668786571175,0.0,0.0000000001,0.0000000001,1.0,0.0,14.400739965984537,0.09999991397004501,,,0.0,5.638574601408878,0.04997175701662868,,59.32499999999982,584.6999999999971,,,0.0,0.0000000000000067,0.0,108005.4568277582,0.0,0.0,21132.710992630375,0.0,310891027.4738195,0.0,0.0,311020165.6416399,677802734.597631,60483407.27115287,12905101.622996423,73388508.89414929,Sys,2025-02-26 09:16:58.312,Sys,2025-02-26 09:16:59.200
"0eb90b08-eee4-48de-8342-7891d5c1ab5d",A24885,2027,17,0,9.603134164316455,0.0,0.0000000001,0.0000000001,1.0,0.0,15.036065561438996,0.10441166885790472,,,0.0,6.648812010750445,0.04114997553610315,,62.841176470587925,616.7382352941131,,,0.0,0.0000000000000072,0.0,117745.55237450353,0.0,0.0,20519.88386898972,0.0,372184409.7063752,0.0,0.0,372322675.14261866,853006707.3576119,73050192.1884214,12641105.475642806,85691297.6640642,Sys,2025-02-26 09:16:58.312,Sys,2025-02-26 09:16:59.200
d0cc2659-06df-4d62-931b-ade7bb3888e4,A24885,2028,18,0,10.232682557186497,0.0,0.0000000001,0.0000000001,1.0,0.0,15.671391156893455,0.10882342374576441,,,0.0,7.659049420092012,0.032328194055577616,,66.35735294117603,648.7764705882364,,,0.0,0.0000000000000077,0.0,127906.08304141811,0.0,0.0,18570.242695049532,0.0,440528129.9212786,0.0,0.0,440674606.24701506,1051380868.7578874,86696416.30677773,12414358.029758105,99110774.33653584,Sys,2025-02-26 09:16:58.312,Sys,2025-02-26 09:16:59.200
"6992de84-5c9e-4772-a47b-cba3a7868ae3",A24885,2029,19,0,10.85400514663222,0.0,0.0000000001,0.0000000001,1.0,0.0,16.306716752347914,0.1132351786336241,,,0.0,8.66928682943358,0.02350641257505208,,69.87352941176414,680.8147058823524,,,0.0,0.0000000000000081,0.0,138487.048828502,0.0,0.0,15283.787470809813,0.0,516335079.7090025,0.0,0.0,516488850.5453018,1273799234.3272686,101434982.47080338,12218670.443025308,113653652.91382869,Sys,2025-02-26 09:16:58.312,Sys,2025-02-26 09:16:59.200
d41058b4-5e05-4e88-a097-f7531e2c957d,A24885,2030,20,0,11.46455708323846,0.0,0.0000000001,0.0000000001,1.0,0.0,16.94204234780237,0.11764693352148381,,,0.0,9.679524238775146,0.014684631094526543,,73.38970588235225,712.8529411764684,,,0.0,0.0000000000000086,0.0,149488.4497357552,0.0,0.0,10660.518196270566,0.0,599780544.4061351,0.0,0.0,599940693.3740671,1520949243.194377,117268992.70450492,12049090.203569455,129318082.90807438,Sys,2025-02-26 09:16:58.312,Sys,2025-02-26 09:16:59.200
"65ffb8e1-dfa4-41de-aaa5-a43aa37dcfb7",A24885,2031,21,0,12.06677324595963,0.0,0.0000000001,0.0000000001,1.0,0.0,17.57736794325683,0.1220586884093435,,,0.0,10.689761648116715,0.005862849614001013,,76.90588235294126,744.8911764705845,,,0.0,0.0000000000000091,0.0,160910.28576317764,0.0,0.0,4700.434871431794,0.0,691263364.6356536,0.0,0.0,691428975.3562882,1793434180.8747659,134200540.79768309,11901608.236751521,146102149.03443462,Sys,2025-02-26 09:16:58.312,Sys,2025-02-26 09:16:59.200
f4ecf855-41b7-4bd7-abe1-6d702cb3baad,A24885,2032,22,0,12.661278419143283,0.0,0.0000000001,0.0000000001,1.0,0.0,18.21269353871129,0.1264704432972032,,,0.0,11.699999057458282,0.0029589318665245237,,80.42205882352937,776.9294117647005,,,0.0,0.0000000000000095,0.0,172752.55691076937,0.0,0.0,2596.4625037065152,0.0,791105326.2610816,0.0,0.0,791280675.280496,2091744378.7200768,152228343.14848477,11772945.795686465,164001288.94417122,Sys,2025-02-26 09:16:58.312,Sys,2025-02-26 09:16:59.200
"638e1b06-2c4a-4e0d-a364-29850682ebed",A24885,2033,23,0,13.250216457035561,0.0,0.0000000001,0.0000000001,1.0,0.0,18.84801913416575,0.1308821981850629,,,0.0,12.710236466799849,0.01178071334705006,,83.93823529411748,808.9676470588238,,,0.0,0.0000000000000099,0.0,185015.26317853044,0.0,0.0,11230.173929144354,0.0,899733644.4806544,0.0,0.0,899929889.917762,2416299773.7098336,171350803.40700206,11660396.846403295,183011200.25340536,Sys,2025-02-26 09:16:58.312,Sys,2025-02-26 09:16:59.200
"3cf8c81d-6d99-4ace-a821-422ff606c216",A24885,2034,24,0,13.830847859747937,0.0,0.0000000001,0.0000000001,1.0,0.0,19.483344729620207,0.13529395307292258,,,0.0,13.720473876141416,0.020602494827575597,,87.45441176470558,841.0058823529398,,,0.0,0.0000000000000104,0.0,197698.40456646073,0.0,0.0,21200.69940488172,0.0,1017254361.3499368,0.0,0.0,1017473260.4539082,2767331020.2307277,191557433.53285378,11561709.756979335,203119143.28983313,Sys,2025-02-26 09:16:58.312,Sys,2025-02-26 09:16:59.200
"78d3316f-5e6b-426a-9337-fea5deaa280d",A24885,2035,25,0,14.405213705221998,0.0,0.0000000001,0.0000000001,1.0,0.0,20.118670325074667,0.1397057079607823,,,0.0,14.730711285482982,0.029424276308101134,,90.97058823529369,873.0441176470558,,,0.0,0.0000000000000108,0.0,210801.9810745604,0.0,0.0,32508.038930918618,0.0,1144081331.342235,0.0,0.0,1144324641.3622406,3145002888.850626,212837843.45772895,11474997.282855697,224312840.74058464,Sys,2025-02-26 09:16:58.312,Sys,2025-02-26 09:16:59.200
"9a0b31bb-12d7-49d9-b16e-6a53671115df",A24885,2036,26,0,14.973689987298338,0.0,0.0000000001,0.0000000001,1.0,0.0,20.753995920529125,0.144117462848642,,,0.0,15.74094869482455,0.03824605778862667,,94.4867647058818,905.0823529411718,,,0.0,0.0000000000000112,0.0,224325.99270282927,0.0,0.0,45152.19250725505,0.0,1280524562.1803544,0.0,0.0,1280794040.3655643,3549380684.6845293,235179099.4092733,11398667.229205992,246577766.6384793,Sys,2025-02-26 09:16:58.312,Sys,2025-02-26 09:16:59.200
"17a67014-5cb4-42bd-86e3-e5901f2d9382",A24885,2037,27,0,15.538148286190856,0.0,0.0000000001,0.0000000001,1.0,0.0,21.389321515983582,0.14852921773650168,,,0.0,16.751186104166116,0.047067839269152194,,98.0029411764699,937.1205882352951,,,0.0,0.0000000000000117,0.0,238270.43945126742,0.0,0.0,59133.16013389098,0.0,1427032455.6997411,0.0,0.0,1427329859.2993262,3980477653.568652,258568685.44110537,11331368.430186033,269900053.8712914,Sys,2025-02-26 09:16:58.312,Sys,2025-02-26 09:16:59.200
d585a15e-9b72-4a4c-ae87-334a9d23f49d,A24885,2038,28,0,16.095807830313294,0.0,0.0000000001,0.0000000001,1.0,0.0,22.024647111438043,0.15294097262436138,,,0.0,17.761423513507683,0.05588962074967773,,101.51911764705892,969.1588235294112,,,0.0,0.0000000000000121,0.0,252635.32131987493,0.0,0.0,74450.94181082647,0.0,1583636733.0413418,0.0,0.0,1583963819.3044724,4438132947.914726,282986329.197054,11271948.217591591,294258277.4146456,Sys,2025-02-26 09:16:58.312,Sys,2025-02-26 09:16:59.200
"78a1ad50-e92b-4c31-9e59-da4e09d1cd08",A24885,2039,29,0,16.64849234202476,0.0,0.0000000001,0.0000000001,1.0,0.0,22.659972706892503,0.15735272751222107,,,0.0,18.77166092284925,0.06471140223020327,,105.03529411764703,1001.1970588235272,,,0.0,0.0000000000000125,0.0,267420.6383086517,0.0,0.0,91105.5375380615,0.0,1750772561.7332911,0.0,0.0,1751131087.909138,4922143140.28495,308412595.7420557,11219418.60831966,319632014.35037535,Sys,2025-02-26 09:16:58.312,Sys,2025-02-26 09:16:59.200
"31f14d1c-af7c-43a0-873e-0232fe6fb507",A24885,2040,30,0,17.196450760977218,0.0,0.0000000001,0.0000000001,1.0,0.0,23.29529830234696,0.1617644824000808,,,0.0,19.781898332190817,0.07353318371072881,,108.55147058823513,1033.2352941176432,,,0.0,0.0000000000000129,0.0,282626.3904175978,0.0,0.0,109096.94731559604,0.0,1928740343.1632023,0.0,0.0,1929132066.5009356,5432225641.0230665,334826218.5048601,11172929.179674886,345999147.68453497,Sys,2025-02-26 09:16:58.312,Sys,2025-02-26 09:16:59.200
c9edbbea-a92e-4150-ab12-e4d122e95ad6,A13578,2012,0,1,0.0,0.0,0.0,0.0,1.0,0.0,0.0,0.0,,,0.0,0.0,0.0,,0.0,0.0,,,0.0,0.0,0.0,0.0,0.0,0.0,0.0,0.0,0.0,0.0,0.0,345000000,,,,,,,Sys,2025-02-26 09:17:04.513
"31401698-d2c9-44b1-887f-80eb6b9bb959",A13578,2013,1,1,0.0,0.0,0.0,0.0,1.0,0.0,0.0,0.0,,,0.0,0.0,0.0,,0.0,0.0,,,0.0,0.0,0.0,0.0,0.0,0.0,0.0,0.0,0.0,0.0,0.0,0.0,0.0,0.0,386399999.9999997,386399999.9999997,,,Sys,2025-02-26 09:17:04.581
f5e86a2f-ce84-47a0-b128-5d0dc0e99931,A13578,2014,2,1,0.0,0.0,0.0,0.0,1.0,0.0,0.0,0.0,,,0.0,0.0,0.0,,0.0,0.0,,,0.0,0.0,0.0,0.0,0.0,0.0,0.0,0.0,0.0,0.0,0.0,0.0,0.0,0.0,204135849.05660367,204135849.05660367,,,Sys,2025-02-26 09:17:04.581
"31aecbf1-0cfe-4204-9fc7-0001e886128d",A13578,2015,3,1,1.0,0.0,0.0,0.0,1.0,0.0,0.0,0.0,,,0.0,0.0,0.0,,42.0,460.0,,,0.0,0.0,0.0,0.0,0.0,0.0,0.0,0.0,19320000,0.0,0.0,19320000,16913557.668754876,6156641.904564558,143640398.29302976,149797040.1975943,,,Sys,2025-02-26 09:17:04.581
abe30766-092d-4d48-bb98-46b4319ab3a2,A13578,2016,4,1,0.0,0.0,0.0,0.0,1.0,0.0,0.0,0.0,,,0.0,0.0,0.0,,23.0,470.0,,,0.0,0.0,0.0,0.0,0.0,0.0,0.0,0.0,0.0,0.0,0.0,0.0,16913557.668754876,4718292.880745521,113585880.52546291,118304173.40620843,,,Sys,2025-02-26 09:17:04.581
"966cff2d-98a8-490f-b5ad-54e84aab33f8",A13578,2017,5,1,1.0,0.0,0.0,0.0,1.0,0.0,0.0,0.0,,,0.0,0.0,0.0,,23.0,471.0,,,0.0,0.0,0.0,0.0,0.0,0.0,0.0,0.0,10833000,0.0,0.0,10833000,25592400.43898829,5835252.168713892,95706357.5196618,101541609.6883757,,,Sys,2025-02-26 09:17:04.581
"403674a9-5381-446d-9b00-84766ee17312",A13578,2018,6,1,0.0,0.0,0.0,0.0,1.0,0.0,0.0,0.0,,,0.0,0.0,0.0,,44.0,473.0,,,0.0,0.0,0.0,0.0,0.0,0.0,0.0,0.0,0.0,0.0,0.0,0.0,25592400.43898829,4967250.838208075,83912872.85649705,88880123.69470513,,,Sys,2025-02-26 09:17:04.581
b43ce207-c104-47bb-acf7-7f38c8efc7c7,A13578,2019,7,1,1.0,0.0,0.0,0.0,1.0,0.0,0.0,0.0,,,0.0,0.0,0.0,,55.0,475.0,,,0.0,0.0,0.0,0.0,0.0,0.0,0.0,0.0,26125000,0.0,0.0,26125000,44746185.40919782,7602931.890776785,75595618.8859798,83198550.77675658,,,Sys,2025-02-26 09:17:04.581
"26d15104-4273-43c7-92a5-d7ee767f5ac6",A13578,2020,8,1,0.0,0.0,0.0,0.0,1.0,0.0,0.0,0.0,,,0.0,0.0,0.0,,70.0,500.0,,,0.0,0.0,0.0,0.0,0.0,0.0,0.0,0.0,0.0,0.0,0.0,0.0,44746185.40919782,6793367.969654681,69449480.27492705,76242848.24458173,,,Sys,2025-02-26 09:17:04.581
"6ee90a0c-6284-4993-a0f3-55e6582875c9",A13578,2021,9,1,0.0,0.0,0.0,0.0,1.0,0.0,0.0,0.0,,,0.0,0.0,0.0,,50.0,523.0,,,0.0,0.0,0.0,0.0,0.0,0.0,0.0,0.0,0.0,0.0,0.0,0.0,44746185.40919782,6165352.196545781,64749216.624497876,70914568.82104366,,,Sys,2025-02-26 09:17:04.581
b8836112-dd9c-41f3-b619-1d9e60a88f74,A13578,2022,10,1,0.0,0.0,0.0,0.0,1.0,0.0,0.0,0.0,,,0.0,0.0,0.0,,65.0,530.0,,,0.0,0.0,0.0,0.0,0.0,0.0,0.0,0.0,0.0,0.0,0.0,0.0,44746185.40919782,5664415.20028837,61059536.635146186,66723951.835434556,,,Sys,2025-02-26 09:17:04.581
c9b8c678-815c-4871-babc-207552957e2a,A13578,2023,11,1,1.0,0.0,0.0,0.0,1.0,0.0,0.0,0.0,,,0.0,0.0,0.0,,44.0,555.0,,,0.0,0.0,0.0,0.0,0.0,0.0,0.0,0.0,24420000,0.0,0.0,24420000,59740079.19093281,7017079.327297735,58103314.48272251,65120393.810020246,,,Sys,2025-02-26 09:17:04.581
"81ad9bd8-6f7f-4e8e-b493-36c9ee26a178",A13578,2024,12,1,0.0,0.0,0.0,0.0,1.0,0.0,0.0,0.0,,,0.0,0.0,0.0,,55.0,541.0,,,0.0,0.0,0.0,0.0,0.0,0.0,0.0,0.0,0.0,0.0,0.0,0.0,59740079.19093281,6564198.745450124,55695698.61992852,62259897.36537864,,,Sys,2025-02-26 09:17:04.581
aa3dc85d-64e9-4942-a18e-95aaa341ec82,A13578,2025,13,1,0.0,0.0,0.0,0.0,1.0,0.0,0.0,0.0,,,0.0,0.0,0.0,,0.0,0.0,,,0.0,0.0,0.0,0.0,0.0,0.0,0.0,0.0,0.0,0.0,0.0,0.0,59740079.19093281,6182488.972377995,53708632.31340424,59891121.28578223,,,Sys,2025-02-26 09:17:04.581
ed1ed5ec-3dff-43ec-b373-6d359d16426a,A13578,2026,14,0,5.338400615950283,0.0,0.0000000001,0.0000000001,1.0,0.0,0.0000000001,0.0000000001,,,0.0,0.0000000001,0.0000000001,,57.52747252747213,551.3406593406617,,,0.0,0.000000000000004,0.0,0.0000000000000008,0.0,0.0,0.0000000000000008,0.0,169319304.90370688,0.0,0.0,169319304.90370688,150753008.72309387,14779257.144306554,52050579.90715016,66829837.05145671,Sys,2025-02-26 09:17:03.544,Sys,2025-02-26 09:17:04.593
"7eca0aee-c262-430c-9534-47da08490a92",A13578,2027,15,0,5.786511417357265,0.0,0.0000000001,0.0000000001,1.0,0.0,0.0000000001,0.0000000001,,,0.0,0.0000000001,0.0000000001,,60.712087912087554,577.2527472527509,,,0.0,0.0000000000000043,0.0,0.0000000000000008,0.0,0.0,0.0000000000000008,0.0,202795349.49591455,0.0,0.0,202795349.49591455,255032096.60726106,23802477.941518217,50654362.67798947,74456840.61950769,Sys,2025-02-26 09:17:03.544,Sys,2025-02-26 09:17:04.593
"5c750777-20f3-432c-8c7d-70b5e55c6577",A13578,2028,16,0,6.23190378245744,0.0,0.0000000001,0.0000000001,1.0,0.0,0.0000000001,0.0000000001,,,0.0,0.0000000001,0.0000000001,,63.89670329670298,603.16483516484,,,0.0,0.0000000000000047,0.0,0.0000000000000008,0.0,0.0,0.0000000000000008,0.0,240179095.54825425,0.0,0.0,240179095.54825425,373177560.7514691,33300323.58866996,49469556.22148629,82769879.81015626,Sys,2025-02-26 09:17:03.544,Sys,2025-02-26 09:17:04.593
"794c5335-be8a-4ec3-a342-17c9142d7c38",A13578,2029,17,0,6.676011947095262,0.0,0.0000000001,0.0000000001,1.0,0.0,0.0000000001,0.0000000001,,,0.0,0.0000000001,0.0000000001,,67.08131868131841,629.076923076922,,,0.0,0.000000000000005,0.0,0.0000000000000008,0.0,0.0,0.0000000000000008,0.0,281723094.72823125,0.0,0.0,281723094.72823125,505748066.6861816,43311492.338429436,48457570.98996409,91769063.32839352,Sys,2025-02-26 09:17:03.544,Sys,2025-02-26 09:17:04.593
"27fdfedd-3da0-4a65-97cb-d2232fd98df0",A13578,2030,18,0,7.116600388343896,0.0,0.0000000001,0.0000000001,1.0,0.0,0.0000000001,0.0000000001,,,0.0,0.0000000001,0.0000000001,,70.26593406593383,654.9890109890111,,,0.0,0.0000000000000053,0.0,0.0000000000000008,0.0,0.0,0.0000000000000008,0.0,327530250.6427312,0.0,0.0,327530250.6427312,653189144.2599905,53861697.18375637,47588372.44740607,101450069.63116243,Sys,2025-02-26 09:17:03.544,Sys,2025-02-26 09:17:04.593
"6be7a506-77df-47b6-8def-0bad0100ea36",A13578,2031,19,0,7.555050308598718,0.0,0.0000000001,0.0000000001,1.0,0.0,0.0000000001,0.0000000001,,,0.0,0.0000000001,0.0000000001,,73.45054945054926,680.9010989011003,,,0.0,0.0000000000000057,0.0,0.0000000000000008,0.0,0.0,0.0000000000000008,0.0,377847405.62103546,0.0,0.0,377847405.62103546,815903600.3496683,64971908.577918574,46838236.69826368,111810145.27618226,Sys,2025-02-26 09:17:03.544,Sys,2025-02-26 09:17:04.593
"9a07e627-c9c5-406b-a4f9-63ec14326aca",A13578,2032,20,0,7.991504887812273,0.0,0.0000000001,0.0000000001,1.0,0.0,0.0000000001,0.0000000001,,,0.0,0.0000000001,0.0000000001,,76.63516483516469,706.8131868131895,,,0.0,0.000000000000006,0.0,0.0000000000000008,0.0,0.0,0.0000000000000008,0.0,432873808.05648375,0.0,0.0,432873808.05648375,994229169.3285227,76657556.9344572,46188179.11368292,122845736.04814011,Sys,2025-02-26 09:17:03.544,Sys,2025-02-26 09:17:04.593
"09ac2608-a1e2-4761-8952-d313d9e98f0a",A13578,2033,21,0,8.42727804414733,0.0,0.0000000001,0.0000000001,1.0,0.0,0.0000000001,0.0000000001,,,0.0,0.0000000001,0.0000000001,,79.81978021978011,732.7252747252787,,,0.0,0.0000000000000063,0.0,0.0000000000000008,0.0,0.0,0.0000000000000008,0.0,492877534.1587172,0.0,0.0,492877534.1587172,1188467057.7683256,88931572.49570556,45622831.57421416,134554404.0699197,Sys,2025-02-26 09:17:03.544,Sys,2025-02-26 09:17:04.593
"7ade12e6-e45d-4c38-988b-1a0259699150",A13578,2034,22,0,8.860100011829589,0.0,0.0000000001,0.0000000001,1.0,0.0,0.0000000001,0.0000000001,,,0.0,0.0000000001,0.0000000001,,83.00439560439554,758.6373626373606,,,0.0,0.0000000000000066,0.0,0.0000000000000008,0.0,0.0,0.0000000000000008,0.0,557922586.678522,0.0,0.0,557922586.678522,1398802027.9171154,101798918.29462346,45129625.550131455,146928543.84475493,Sys,2025-02-26 09:17:03.544,Sys,2025-02-26 09:17:04.593
"88a64d0c-cb21-44ca-8ef9-69d61a6ae15d",A13578,2035,23,0,9.291263048509949,0.0,0.0000000001,0.0000000001,1.0,0.0,0.0000000001,0.0000000001,,,0.0,0.0000000001,0.0000000001,,86.18901098901097,784.5494505494498,,,0.0,0.000000000000007,0.0,0.0000000000000008,0.0,0.0,0.0000000000000008,0.0,628270944.6465367,0.0,0.0,628270944.6465367,1625384928.301698,115263435.5804786,44698187.91121263,159961623.49169123,Sys,2025-02-26 09:17:03.544,Sys,2025-02-26 09:17:04.593
"994117e9-f417-44f0-b412-2f0687626499",A13578,2036,24,0,9.720856007211514,0.0,0.0000000001,0.0000000001,1.0,0.0,0.0000000001,0.0000000001,,,0.0,0.0000000001,0.0000000001,,89.3736263736264,810.461538461539,,,0.0,0.0000000000000073,0.0,0.0000000000000008,0.0,0.0,0.0000000000000008,0.0,704119382.9319344,0.0,0.0,704119382.9319344,1868308171.8863547,129326168.7303201,44319887.40175412,173646056.1320742,Sys,2025-02-26 09:17:03.544,Sys,2025-02-26 09:17:04.593
"10bf532f-7750-48b9-99c9-c2d7960128ca",A13578,2037,25,0,10.150129886898968,0.0,0.0000000001,0.0000000001,1.0,0.0,0.0000000001,0.0000000001,,,0.0,0.0000000001,0.0000000001,,92.55824175824182,836.3736263736282,,,0.0,0.0000000000000076,0.0,0.0000000000000008,0.0,0.0,0.0000000000000008,0.0,785754768.9174725,0.0,0.0,785754768.9174725,2127637964.4361236,143987745.64397064,43987489.58428017,187975235.2282508,Sys,2025-02-26 09:17:03.544,Sys,2025-02-26 09:17:04.593
d31b0ac5-8c5c-455b-82da-ed177435dd1f,A13578,2038,26,0,10.57681164002032,0.0,0.0000000001,0.0000000001,1.0,0.0,0.0000000001,0.0000000001,,,0.0,0.0000000001,0.0000000001,,95.74285714285634,862.2857142857174,,,0.0,0.0000000000000079,0.0,0.0000000000000008,0.0,0.0,0.0000000000000008,0.0,873197220.7479715,0.0,0.0,873197220.7479715,2403327541.624953,159242543.1466773,43694891.045289636,202937434.19196692,Sys,2025-02-26 09:17:03.544,Sys,2025-02-26 09:17:04.593
af1ae821-aad9-4cba-998f-a1810cbde635,A13578,2039,27,0,11.002142158966642,0.0,0.0000000001,0.0000000001,1.0,0.0,0.0000000001,0.0000000001,,,0.0,0.0000000001,0.0000000001,,98.92747252747176,888.1978021978066,,,0.0,0.0000000000000083,0.0,0.0000000000000008,0.0,0.0,0.0000000000000008,0.0,966727025.867269,0.0,0.0,966727025.867269,2695308465.217714,175085109.71913373,43436912.31571313,218522022.03484687,Sys,2025-02-26 09:17:03.544,Sys,2025-02-26 09:17:04.593
d4832197-7826-4026-b36f-791bb85c618b,A13578,2040,28,0,11.42618175670949,0.0,0.0000000001,0.0000000001,1.0,0.0,0.0000000001,0.0000000001,,,0.0,0.0000000001,0.0000000001,,102.11208791208719,914.1098901098885,,,0.0,0.0000000000000086,0.0,0.0000000000000008,0.0,0.0,0.0000000000000008,0.0,1066538880.7270505,0.0,0.0,1066538880.7270505,3003463966.9039845,191508288.02213508,43209134.834101096,234717422.85623616,Sys,2025-02-26 09:17:03.544,Sys,2025-02-26 09:17:04.593
